Id,Expected
AAACAAGTATCTCCCA-1,3
AAACAATCTACTAGCA-1,1
AAACACCAATAACTGC-1,7
AAACAGAGCGACTCCT-1,3
AAACAGCTTTCAGAAG-1,6
AAACAGGGTCTATATT-1,6
AAACAGTGTTCCTGGG-1,6
AAACATTTCCCGGATT-1,3
AAACCCGAACGAAATC-1,2
AAACCGGGTAGGTACC-1,6
AAACCGTTCGTCCAGG-1,7
AAACCTAAGCAGCCGG-1,4
AAACCTCATGAAGTTG-1,5
AAACGAAGAACATACC-1,2
AAACGAGACGGTTGAT-1,5
AAACGGGCGTACGGGT-1,3
AAACGGTTGCGAACTG-1,6
AAACTCGGTTCGCAAT-1,6
AAACTCGTGATATAAG-1,2
AAACTGCTGGCTCCAA-1,6
AAACTTAATTGCACGC-1,7
AAACTTGCAAACGTAT-1,6
AAAGACATGAAGTTTA-1,1
AAAGACCCAAGTCGCG-1,1
AAAGACTGGGCGCTTT-1,4
AAAGGCCCTATAATAC-1,7
AAAGGCTACGGACCAT-1,6
AAAGGCTCTCGCGCCG-1,6
AAAGGGATGTAGCAAG-1,5
AAAGGGCAGCTTGAAT-1,3
AAAGGTAAGCTGTACC-1,1
AAAGTAGCATTGCTCA-1,7
AAAGTCACTGATGTAA-1,3
AAAGTCGACCCTCAGT-1,5
AAAGTGTGATTTATCT-1,4
AAAGTTGACTCCCGTA-1,3
AAATAACCATACGGGA-1,3
AAATACCTATAAGCAT-1,6
AAATAGCTTAGACTTT-1,3
AAATAGGGTGCTATTG-1,5
AAATCCGATACACGCC-1,3
AAATCGTGTACCACAA-1,6
AAATCTAGCCCTGCTA-1,3
AAATGATTCGATCAGC-1,2
AAATGCTCGTTACGTT-1,1
AAATGGCATGTCTTGT-1,3
AAATGGCCCGTGCCCT-1,6
AAATGGTCAATGTGCC-1,6
AAATGTGGGTGCTCCT-1,1
AAATTAACGGGTAGCT-1,6
AAATTACACGACTCTG-1,3
AAATTACCTATCGATG-1,4
AAATTGATAGTCCTTT-1,7
AAATTGCGGCGGTTCT-1,1
AAATTTACCGAAATCC-1,2
AAATTTGCGGGTGTGG-1,6
AACAACTGGTAGTTGC-1,5
AACAATACATTGTCGA-1,7
AACAATTACTCTACGC-1,4
AACACACGCTCGCCGC-1,3
AACACGACTGTACTGA-1,3
AACACGAGACGCGGCC-1,6
AACACGCGGCCGCGAA-1,1
AACAGCTGTGTGGCAA-1,7
AACAGGAAATCGAATA-1,4
AACAGGATGGGCCGCG-1,5
AACAGGTAGTATGGAT-1,3
AACATATCAACTGGTG-1,3
AACATTGAAGTTGATC-1,7
AACATTGTGACTCGAG-1,6
AACCAAGACTTCTCTG-1,5
AACCAGTATCACTCTT-1,3
AACCATAGGGTTGAAC-1,7
AACCATGGGATCGCTA-1,2
AACCCAGAGACGGAGA-1,2
AACCCATCCCATGATC-1,7
AACCCGACAACCCGTG-1,7
AACCCGAGCAGAATCG-1,2
AACCCTACTGTCAATA-1,3
AACCCTGGTGGAACCA-1,3
AACCGAGCTTGGTCAT-1,5
AACCGCTAAGGGATGC-1,4
AACCGTTGTGTTTGCT-1,3
AACCTAAAGCCGTCCG-1,1
AACCTCGCTTTAGCCC-1,5
AACCTTTAAATACGGT-1,6
AACCTTTACGACGTCT-1,3
AACGAAAGTCGTCCCA-1,7
AACGATAATGCCGTAG-1,5
AACGATAGAAGGGCCG-1,3
AACGATATGTCAACTG-1,5
AACGCGAACGGCAACA-1,1
AACGCGACCTTGGGCG-1,6
AACGCGGTCTCCAGCC-1,5
AACGCTGTTGCTGAAA-1,3
AACGGACGTACGTATA-1,4
AACGGCCATCTCCGGT-1,6
AACGTACTGTGGGTAC-1,6
AACGTAGTCTACCCAT-1,1
AACGTCAGACTAGTGG-1,4
AACGTGATGAAGGACA-1,3
AACGTGCGAAAGTCTC-1,6
AACTACCCGTTTGTCA-1,3
AACTAGCGTATCGCAC-1,1
AACTAGGCTTGGGTGT-1,6
AACTCAAGTTAATTGC-1,6
AACTCCAGAGCGTGTT-1,3
AACTCCTAATCCCATG-1,3
AACTCGATGGCGCAGT-1,1
AACTCTCAATAGAGCG-1,4
AACTCTCAGTGTGCTC-1,7
AACTGATATTAGGCCT-1,4
AACTGGGTCCCGACGT-1,4
AACTGGGTTCGAGCCG-1,2
AACTGGTGTGGGCCTT-1,1
AACTTCTGCGTCTATC-1,2
AACTTGCCCGTATGCA-1,4
AACTTGCGTTCTCGCG-1,1
AACTTTAGCTGCTGAG-1,1
AAGAAGGATCAGTTAG-1,1
AAGACCAAATAACTCA-1,7
AAGACCCAACTGAACA-1,6
AAGACTAACCCGTTGT-1,1
AAGACTCACGCCCACT-1,2
AAGACTGCAAGCTACT-1,6
AAGAGATGAATCGGTA-1,3
AAGAGCTCTTTATCGG-1,5
AAGAGGATGTACGCGA-1,5
AAGAGGCATGGATCGC-1,5
AAGAGGCCCTTTGGAA-1,3
AAGATGGCACCGGACC-1,7
AAGATTGGCGGAACGT-1,4
AAGCACCCTGCGTATC-1,5
AAGCATACTCTCCTGA-1,6
AAGCCGAAGCGGTTTA-1,3
AAGCCGCCGTGAAATC-1,7
AAGCGCAGGGCTTTGA-1,5
AAGCGGCGTCATGGGT-1,2
AAGCGTCCCTCATCGA-1,7
AAGCTAGATCGAGTAA-1,6
AAGCTCGTGCCAAGTC-1,6
AAGCTCTTTCATGGTG-1,5
AAGGAGAACTTATAAG-1,1
AAGGAGCGGTTGGTGC-1,5
AAGGATCGATCGCTTG-1,3
AAGGATGAGGGACCTC-1,5
AAGGCGCGTAAAGCTT-1,4
AAGGCTGTGCTCATCG-1,5
AAGGGAACGACTGGCT-1,7
AAGGGACAGATTCTGT-1,4
AAGGGACTATGCATTC-1,7
AAGGTATCCTAATATA-1,5
AAGGTGATAAACCAGC-1,4
AAGTAAGCTTCCAAAC-1,1
AAGTAGAAGACCGGGT-1,3
AAGTAGTGACGCGAGG-1,5
AAGTCAATTGTCGTCA-1,3
AAGTGACGACCGAATT-1,5
AAGTGAGTCGGGTTTA-1,7
AAGTGCAAAGGTAGAC-1,4
AAGTGCCTTGACTGTA-1,3
AAGTGCGTTAGAATCT-1,6
AAGTGCTTCTCTATTG-1,7
AAGTGTTTGGAGACGG-1,5
AAGTTCACTCCAAGCT-1,4
AAGTTCAGTCTGCGTA-1,2
AAGTTCGGCCAACAGG-1,6
AAGTTTACTAATGGCA-1,1
AAGTTTATGGGCCCAA-1,5
AATAACAACGCTCGGC-1,5
AATAACACTAGAACAA-1,7
AATAAGTCCTCGAGAC-1,2
AATACAATGTTTCAGG-1,3
AATACCGGAGGGCTGT-1,7
AATAGAACAGAGTGGC-1,7
AATAGAATCTGTTTCA-1,5
AATAGCTACCGCGTGC-1,2
AATAGTCCGTCCCGAC-1,6
AATATCAAGGTCGGAT-1,1
AATATCGAATCAATGC-1,3
AATATCGAGGGTTCTC-1,3
AATATTGGAGTATTGA-1,5
AATCAGACTGCAGGAC-1,1
AATCAGGTTTCATTTA-1,7
AATCATGTAAAGACTC-1,3
AATCCAAGGGCCTGAG-1,3
AATCCATGCAAGGGTG-1,1
AATCGCCTCAGCGCCA-1,5
AATCGCGCAGAGGACT-1,2
AATCGGGACACTACGA-1,3
AATCGTGAGCCGAGCA-1,4
AATCTAGGTTTACTTG-1,7
AATCTATGCCGGAGCC-1,2
AATCTCTACTGTGGTT-1,5
AATCTGCGTTGGGACG-1,4
AATCTGGCTTTCTAGT-1,7
AATCTGGGTAGACCCT-1,2
AATGACAGCAATGTCT-1,6
AATGACGTAGGATGTC-1,5
AATGACTGTCAGCCGG-1,5
AATGAGTTCGCATATG-1,1
AATGATGATACGCTAT-1,3
AATGATGCGACTCCTG-1,3
AATGCAACCGGGTACC-1,5
AATGCACCAAGCAATG-1,3
AATGGTCCACCGTTCA-1,4
AATGGTTCTCACAAGC-1,3
AATGTATGGCACTGTA-1,7
AATGTGCCCGAGGTGT-1,7
AATGTGCTAATCTGAG-1,7
AATTAAAGGTCGGCGT-1,6
AATTAACGGATTTCCA-1,6
AATTACTCGTACGCTC-1,1
AATTAGCGCTGCAGCG-1,6
AATTCATAAGGGATCT-1,4
AATTCATTGTCATGCA-1,7
AATTCCAAGCATGTAC-1,6
AATTCGATTCGAGGAT-1,5
AATTCTAGAGTTAGGC-1,6
AATTGAACGCTCTGGT-1,5
AATTGCAGCAATCGAC-1,3
AATTGCGTGGATTACA-1,7
AATTTGGGACATAGTA-1,3
AATTTGGTTCCAAAGA-1,3
ACAAACCATGCGTCCT-1,7
ACAAACCGACAAGGCG-1,1
ACAAAGCATGACCTAG-1,3
ACAAATCGCACCGAAT-1,5
ACAAATGGTAGTGTTT-1,5
ACAAATTCAGATCTGA-1,1
ACAACAGCATGAGCTA-1,6
ACAACGGTCCCTGCGA-1,3
ACAAGCAGTGCCTAGC-1,4
ACAAGGAAATCCGCCC-1,6
ACAAGGACAAGAGGTT-1,5
ACAAGGATGCTTTAGG-1,3
ACAAGGGCAGGCTCTG-1,6
ACAATAGTCGTACGTT-1,6
ACAATCCATTTAAACC-1,5
ACAATCGATCTTTATA-1,1
ACAATGAATACGGAGA-1,7
ACAATTGTGTCTCTTT-1,3
ACAATTTAGGAGGCTC-1,2
ACAATTTGAGCAGTGG-1,5
ACACAAAGACGGGTGG-1,5
ACACACCAGGACCAGT-1,5
ACACACTTTCTACACG-1,3
ACACATGATCAAATCT-1,7
ACACATTGACGCAACA-1,1
ACACCCAGCATGCAGC-1,5
ACACCCGAGAAATCCG-1,3
ACACCGGTCTGACCGC-1,7
ACACCTTAAGTAGGGC-1,5
ACACCTTACTACTTGC-1,3
ACACGAGACTCCTTCT-1,6
ACACGGCACTATGCAT-1,3
ACACGGGAACTTAGGG-1,5
ACACGTAGGCCACAAG-1,2
ACACTCCAATGTCACT-1,2
ACACTGATCAAGGTGT-1,7
ACACTGGGACAGTCGT-1,2
ACAGAACTGAGAACAA-1,7
ACAGATTAGGTTAGTG-1,2
ACAGCATAGAGCCAGT-1,3
ACAGCGACATTCTCAT-1,3
ACAGCGCACCCGCAGC-1,3
ACAGGCTTGCCCGACT-1,5
ACAGGTGGAGGTGAGG-1,7
ACAGTAATACAACTTG-1,6
ACATAAGTCGTGGTGA-1,7
ACATAATAAGGCGGTG-1,4
ACATCAGCTGGGACGC-1,4
ACATCCCGGCCATACG-1,6
ACATCCTGGTAACTGT-1,3
ACATCGATCGTTTACC-1,6
ACATCGGTCAGCCGCG-1,6
ACATCGTATGCAATGG-1,5
ACATCGTTAACCTAGT-1,3
ACATCTCAACGCGTAA-1,3
ACATGGCGCCAAAGTA-1,3
ACATGGCTCAATTTAG-1,1
ACATTAGTTTATATCC-1,6
ACCAAACTAGAAATCC-1,1
ACCAACCGCACTCCAC-1,3
ACCAACGCTTATTTAT-1,7
ACCAAGAACGCGTGTC-1,3
ACCAATATGCAAGTTA-1,5
ACCACAACTCAGAACA-1,3
ACCACAAGTTTCTATC-1,5
ACCACCAATGTAACAA-1,3
ACCACGTGCAGCTATA-1,6
ACCAGCCCGGTCTTTG-1,2
ACCAGGAGTGTGATCT-1,1
ACCAGTGCCCGGTCAA-1,1
ACCAGTGCGGGAGACG-1,3
ACCATATCCGCAATAA-1,6
ACCATCCGCCAACTAG-1,6
ACCATCGTATATGGTA-1,6
ACCATTAAGGGTGTCA-1,1
ACCCAACGCCCGTGGC-1,5
ACCCACCTACATGCTC-1,3
ACCCATCTTGAGGGTA-1,6
ACCCATTTGTCCCTCT-1,3
ACCCGAGCGAAATTAC-1,7
ACCCGATTGGTTCCGA-1,7
ACCCGGAAACTCCCAG-1,6
ACCCGGATGACGCATC-1,3
ACCCGGTTACACTTCC-1,6
ACCCGTGTCATCAGTA-1,6
ACCCTATAGGACTGAG-1,1
ACCCTATGCCATATCG-1,7
ACCCTCCCTTGCTATT-1,5
ACCCTTCATCTGCGAA-1,3
ACCCTTTAGTTCTCCA-1,3
ACCGAAAGGGCCCTGC-1,3
ACCGAAGAGTCTGGTT-1,7
ACCGACACATCTCCCA-1,6
ACCGACTGAGTCCCAC-1,5
ACCGATGGTAGCATCG-1,4
ACCGCAATAACTGCCT-1,5
ACCGCGGTGGAAGTCG-1,3
ACCGGGCCTTTGTTGA-1,3
ACCGGTCAGGTACACC-1,7
ACCGGTCTGAGTACGG-1,1
ACCGTGACCACGTGGG-1,7
ACCGTTCCCGCTCTGA-1,2
ACCTAAGTACCTTTCA-1,7
ACCTAATCGACTTCCT-1,5
ACCTACAGTATGTGGT-1,3
ACCTACTATAAATCTA-1,6
ACCTCCGCCCTCGCTG-1,3
ACCTCCGTTATTCACC-1,3
ACCTCGAACTTATGCT-1,7
ACCTGCGTGTCATGTT-1,6
ACCTTTCCTTTAGAAG-1,1
ACGAAATGGGCGGCAC-1,5
ACGACTGGTCATACTC-1,7
ACGAGAACCCATCACG-1,1
ACGAGATATTTGCTTA-1,3
ACGAGGATACCACTCT-1,6
ACGAGGTTTACAACGT-1,7
ACGAGTACGGATGCCC-1,3
ACGATACATAGAACTA-1,4
ACGATCATACATAGAG-1,5
ACGATCATCTTGTAAA-1,3
ACGATGCATATGTTAT-1,6
ACGATGGATCCGATGC-1,3
ACGCAAACTAATAGAT-1,7
ACGCAATCACTACAGC-1,3
ACGCATACGTTTACTA-1,3
ACGCATTCGTGAGTAC-1,6
ACGCCAGATGATTTCT-1,4
ACGCCCAGCTGTCGAT-1,2
ACGCCGCTAGACGACC-1,6
ACGCGAAGTCAGACGA-1,6
ACGCGCTACACAGGGT-1,6
ACGCGGGCCAAGGACA-1,6
ACGCTAGTGATACACT-1,3
ACGCTGTGAGGCGTAG-1,5
ACGCTTAGTGTCTCTC-1,2
ACGGAATTTAGCAAAT-1,2
ACGGACGCAGCGACAA-1,7
ACGGACTCTCAAAGCG-1,5
ACGGAGCGCAAATTAC-1,2
ACGGATGGTGCGGATA-1,5
ACGGCACTTGCTTGGG-1,6
ACGGCCAACATGGACT-1,6
ACGGCGACGATGGGAA-1,5
ACGGCGGGTTGCCCTG-1,1
ACGGCTGGATGTAGAA-1,7
ACGGGAGTGTCGGCCC-1,6
ACGGGTCATGTGACTT-1,1
ACGGTCACCGAGAACA-1,7
ACGTACAGATTTCTCT-1,3
ACGTACTTTGGCACGG-1,7
ACGTAGATTGCTGATG-1,6
ACGTATTACTCCGATC-1,3
ACGTCCTAAACGAGAT-1,1
ACGTGCGCCTCGTGCA-1,4
ACGTGGTCGAATGTGC-1,2
ACGTTAATGTCGAAGA-1,6
ACGTTAGATTTGCCCG-1,6
ACGTTCACTATGCCGC-1,1
ACGTTCCGCGCTCCGT-1,2
ACGTTCGCAATCAATT-1,3
ACGTTCGTTCAGGAAA-1,7
ACGTTCTGTACAAGTC-1,3
ACGTTTAGTTGTGATC-1,3
ACTAATACGTCAGGCG-1,2
ACTACATCCCGACAAG-1,7
ACTACCAGCTCTCTGG-1,4
ACTACGCGTTAGAATT-1,6
ACTAGTTGCGATCGTC-1,3
ACTATATGCTGTGTTC-1,2
ACTATCCAGGGCATGG-1,3
ACTATCTGCCCGCGTA-1,2
ACTATGTCCAGCTGCC-1,7
ACTATTCGTCCGTGGT-1,3
ACTATTTCCGGGCCCA-1,7
ACTCAAGTGCAAGGCT-1,4
ACTCAATAAAGGCACG-1,5
ACTCAGACCTGCTTCT-1,1
ACTCATGGCAGCCTTC-1,7
ACTCCAATATCATCAT-1,7
ACTCCCATTCCTAAAG-1,6
ACTCCCGAATTCGTTT-1,3
ACTCCCTAATGCTAAA-1,6
ACTCCCTAGAATAGTA-1,6
ACTCGATGTATTTCAT-1,1
ACTCGTAACCCGTCCT-1,6
ACTCGTCAGTAATCCC-1,5
ACTCTCTGACTTAGGT-1,5
ACTCTCTTATACACGA-1,3
ACTCTTGTATAGTAAC-1,6
ACTGAAACGCCGTTAG-1,3
ACTGAATGGCGAAAGT-1,5
ACTGATTTAGTGATTC-1,2
ACTGCCCGCCATTCTC-1,7
ACTGCCGTCGTAACTC-1,4
ACTGCTCGGAAGGATG-1,7
ACTGTACGATACACAT-1,5
ACTGTAGCACTTTGGA-1,5
ACTGTATACGCGAGCA-1,1
ACTGTCCAGGATTATA-1,6
ACTGTCTTCTTTAGAA-1,6
ACTGTGCTAGTAGATC-1,1
ACTGTTTAGTGTAGGC-1,1
ACTTACCGGGCGCGCA-1,3
ACTTACGCATCCACGC-1,5
ACTTAGTACGACAAGA-1,2
ACTTATACTTACCCGG-1,5
ACTTATCTGATCTATA-1,4
ACTTATTAGGATCGGT-1,6
ACTTATTTATGTGCCA-1,4
ACTTCAGGCTGATCCC-1,5
ACTTCCATGCGGGACA-1,4
ACTTCGCCATACGCAC-1,5
ACTTGACTCCCTCTTT-1,6
ACTTGCCATATTGTAC-1,1
ACTTGGGACCCGGTGG-1,5
ACTTGTAGTCCCTTCA-1,6
ACTTGTGGATGGAACG-1,3
ACTTTACCCTCATGAA-1,3
ACTTTCCTATAGCTTC-1,5
ACTTTGACTGCATCCT-1,5
ACTTTGGTCGTGCTCC-1,7
AGAAATTATGACTCGC-1,1
AGAACCCTCAATTGGG-1,7
AGAACGTGGTACATTC-1,5
AGAAGAGCGCCGTTCC-1,5
AGAAGGTACACTTCAC-1,7
AGAAGGTTGCCGAATT-1,6
AGAAGGTTGTAGGTCG-1,5
AGAAGTGATTCGTGAT-1,6
AGAATAAATCTTCAGG-1,5
AGAATGCGGGTTCGGA-1,1
AGAATTATGGATTCGA-1,3
AGAATTGTTTGACATA-1,3
AGACATAGATCCTTCC-1,1
AGACCAAACCACACCT-1,6
AGACCATGGGATACAA-1,3
AGACCCACCGCTGATC-1,6
AGACCCGCCCTCCTCG-1,5
AGACCGCTCCGCGGTT-1,2
AGACCGGGAAACCCTG-1,5
AGACGAAGTGCCGGTC-1,3
AGACGACGATGCCGCT-1,7
AGACGGGATTGGTATA-1,1
AGACGGGCCGATTTAA-1,1
AGACTAGCCTTCCAGA-1,5
AGACTGTTACCGGGTC-1,7
AGAGAAACACCAGAAA-1,7
AGAGAACCGTCTAGGA-1,4
AGAGAAGGAGTACAAT-1,7
AGAGATCTCTAAAGCG-1,5
AGAGCAGTTATGAGAC-1,4
AGAGCCGCCGAGATTT-1,2
AGAGCGGGCTAATCAT-1,3
AGAGCGTACAAGCTCG-1,3
AGAGCTACGAAAGCAT-1,1
AGAGGCTTCGGAAACC-1,3
AGAGGTATCTCGGTCC-1,1
AGAGTAAACTTCACTA-1,3
AGAGTTAGAGACCGAT-1,1
AGATAACTTCAGGGCC-1,5
AGATACCAATAGAACC-1,2
AGATACCGGTGTTCAC-1,6
AGATACGACTTCATAT-1,2
AGATACTCAAGATCGA-1,5
AGATATAATACGACTA-1,5
AGATCGTGCATAAGAT-1,3
AGATCTCAGGTGTGAT-1,5
AGATGACTCGCCCACG-1,5
AGATGAGGGTTGCGAT-1,3
AGATGATGGAGTCTGG-1,3
AGATGCAAGACGTGCA-1,7
AGATGCTATAACGAGC-1,1
AGATTATAGGACGTTT-1,6
AGATTCACAACCGATA-1,7
AGCAAAGGCCGCTAGT-1,5
AGCAACATATCTTATT-1,4
AGCAACCGAAAGTAAT-1,7
AGCACACGTTTAGACT-1,7
AGCACCAGTACTCACG-1,5
AGCACTACCGGCCTGT-1,5
AGCACTACCTCACCAG-1,5
AGCACTTAAGGACGCC-1,5
AGCAGAAGGAGAAAGA-1,6
AGCAGCCAGATGAATA-1,6
AGCATATCAATATGCT-1,3
AGCATCATTTCGAAAG-1,7
AGCATCGTCGATAATT-1,5
AGCCAAGCTTTGTGTC-1,6
AGCCACAGGTTACCCG-1,3
AGCCACTCCCGTGCTT-1,4
AGCCATATAGTATGTG-1,6
AGCCCATACATGTAAG-1,6
AGCCCGCAACAAGCAG-1,6
AGCCCGGCATTAGAGG-1,7
AGCCCGGTAGCCTGTA-1,7
AGCCCTAAGCGAAGTT-1,3
AGCCCTCCCTGGTGGC-1,7
AGCCCTTCTAATCCGA-1,3
AGCCGTGGCTAAATGT-1,6
AGCCTAATACCCACGT-1,6
AGCCTTAAAGCGGAAG-1,2
AGCGACAGGAACGGTC-1,7
AGCGACATCCCATTCA-1,3
AGCGACCAACGATATT-1,5
AGCGAGACGTGAAGGC-1,7
AGCGATGCGCCTAATA-1,3
AGCGCATAATGAATCG-1,6
AGCGCGGGTGCCAATG-1,4
AGCGCTTATGGGCAAG-1,2
AGCGGACACTTCGTAG-1,6
AGCGGCGGTTAGCGGT-1,6
AGCGGGAAGGGTCCAT-1,2
AGCGGGTCTGACACTC-1,6
AGCGGTTGAGATGTAC-1,1
AGCGTACGAGAGCTAG-1,1
AGCGTAGCGCTAGACC-1,1
AGCGTGGTATTCTACT-1,6
AGCGTTCCGATTTAAA-1,1
AGCTAACAAGCAATGT-1,7
AGCTAAGTACGCAGGC-1,3
AGCTAGAAGCAGAAGT-1,3
AGCTATTTAATCCAAC-1,4
AGCTCCATATATGTTC-1,2
AGCTCCTTCGCACATC-1,5
AGCTCTAGACGTTCCA-1,5
AGCTCTTCCCAGTGCA-1,3
AGCTCTTCGTAACCTT-1,3
AGCTCTTTACTCAGTT-1,6
AGCTGAAGTAAACCAA-1,4
AGCTGTAACCTCAATC-1,7
AGCTTATAGAGACCTG-1,1
AGCTTCAATACTTTGA-1,1
AGCTTGATCAGGGTAG-1,7
AGCTTGATCTTAACTT-1,5
AGGAAGCTGTCCGCCG-1,6
AGGACAGTCGAATCCC-1,5
AGGACATCGCACGTCG-1,2
AGGACGACCCATTAGA-1,6
AGGACGCTCGATGTTG-1,3
AGGAGGCCTTCGCGCG-1,3
AGGATAAAGTCGGGAT-1,6
AGGATATAGGGATTTA-1,3
AGGATCACGCGATCTG-1,6
AGGCAAAGAGGAATCA-1,3
AGGCACGTGACTGTCC-1,2
AGGCAGATGCGTAAAC-1,5
AGGCAGGGAGCGTACT-1,7
AGGCATTGTCGTAGGG-1,3
AGGCCACCCGTTATGA-1,5
AGGCCCAGTGACTGGT-1,1
AGGCCCATTGTACAGG-1,3
AGGCCCTAGAACGCCA-1,6
AGGCCTGAGAATCTCG-1,3
AGGCGGTTTGTCCCGC-1,7
AGGCTATGGTTAGCTT-1,4
AGGCTTCCCGAAGAAG-1,7
AGGCTTGCTAGACACC-1,3
AGGGAAACGAGGTACT-1,3
AGGGACAGCACGGCGG-1,1
AGGGACCGGCTGCGTT-1,3
AGGGACTCTACGCGAC-1,6
AGGGAGACATACTTCG-1,2
AGGGCAGCGGCGTGGT-1,3
AGGGCGAGCAGCTGAT-1,6
AGGGCGTGATCGGCTA-1,3
AGGGCTGCAGTTACAG-1,6
AGGGTCAGAGCACTCG-1,7
AGGGTCGATGCGAACT-1,4
AGGGTGCCGTTCTTTA-1,7
AGGGTGCTCTCGAGGG-1,4
AGGGTGGATAGTGCAT-1,4
AGGGTTCAGACGGTCC-1,7
AGGGTTCCCTTTGGTT-1,5
AGGGTTTAGTTCGGGA-1,6
AGGTAACCTCCTATTC-1,2
AGGTACGATATTGCCA-1,3
AGGTAGATCGAGATAT-1,7
AGGTAGGTACAAAGCT-1,5
AGGTATAATTGATAGT-1,3
AGGTCAGGTGAGAGTG-1,6
AGGTCGCCACTTCGGT-1,1
AGGTCGCGGAGTTACT-1,3
AGGTGGTGACCTTCGC-1,6
AGGTGTATCGCCATGA-1,5
AGGTTACACCATGCCG-1,2
AGGTTCTCCTTTCCGG-1,7
AGGTTGAGGCACGCTT-1,5
AGGTTTCACACACCTT-1,6
AGTAACGTTCATCCTG-1,2
AGTAATGTCTTGCCGC-1,3
AGTAATTTGCAAGCGT-1,7
AGTACATCATTTATCA-1,3
AGTACGGCCCGTATCG-1,4
AGTACGGGCACCTGGC-1,5
AGTACGTGGCCTGTCT-1,3
AGTACTCTTATGCCCA-1,4
AGTAGAAGGCGCCTCA-1,6
AGTAGCGTGAACGAAC-1,2
AGTAGGAAGGAAGTTG-1,3
AGTAGGTAACATACAT-1,3
AGTATAATACTAGGCA-1,4
AGTATACACAGCGACA-1,7
AGTATCCATAATAACG-1,1
AGTATGCTGGAGACCA-1,7
AGTATTTGGCACGACC-1,6
AGTCAAATGATGTGAT-1,7
AGTCAACACCACCATC-1,6
AGTCAAGATGACACTT-1,4
AGTCACTAGCTCTCGA-1,3
AGTCACTCCGCCTCAT-1,1
AGTCAGCCACCGCCTG-1,2
AGTCCATTGGCTGATG-1,3
AGTCCCGCCTTTAATT-1,3
AGTCGACGGTCTCAAG-1,4
AGTCGGCCCAAACGAC-1,4
AGTCGGCTCAACTTTA-1,6
AGTCGGTTGCGTGAGA-1,3
AGTCGTATAAAGCAGA-1,5
AGTCGTCGACCACCAA-1,4
AGTCGTGGGCATTACG-1,7
AGTCTAAAGTATACTC-1,2
AGTCTCACAAGACTAC-1,7
AGTCTGGACATCCTTG-1,2
AGTCTTCTCCTCAAAT-1,5
AGTCTTTAAAGTGTCC-1,5
AGTGAACAAACTTCTC-1,3
AGTGACCTACTTTACG-1,6
AGTGACTGTGACACAA-1,7
AGTGAGACTTCCAGTA-1,5
AGTGAGCCTCGCCGCC-1,3
AGTGAGGGTTTCTGAC-1,3
AGTGATAACCTGCGCG-1,3
AGTGATATGAGTAGTT-1,6
AGTGATTCAAGCAGGA-1,5
AGTGCACGCTTAAGAA-1,3
AGTGCGTAGCTCGTAA-1,6
AGTGCTAAACACAGCA-1,3
AGTGCTTGCACGAATA-1,5
AGTGGCGGCAATTTGA-1,3
AGTGGCGTCTGAAGGT-1,4
AGTGGCTCCGTCGGCC-1,5
AGTGGTGTTACCCGTG-1,6
AGTGTATTGCGCATTG-1,3
AGTGTGCTAAGATCGC-1,1
AGTGTGGTCTATTGTG-1,3
AGTTAAACACTTGCGA-1,6
AGTTAAGCGGTCCCGG-1,3
AGTTAAGTCAACCGCT-1,7
AGTTACCGCACATGGT-1,3
AGTTACTCTATCGTGG-1,3
AGTTATTGAAAGGTAA-1,1
AGTTCCTACAGAATTA-1,5
AGTTCCTATTTATGTT-1,6
AGTTCTGCGTTGTATC-1,1
AGTTGACATCGGCTGG-1,1
AGTTGACGGTCCTTGC-1,6
AGTTGCGGTCCTCAAC-1,7
AGTTGCTGACTGATAT-1,1
AGTTTCGCAGGTCGGA-1,3
AGTTTGCACCTGCCTC-1,5
AGTTTGGCACGGGTTG-1,3
AGTTTGGCCAGACCTA-1,6
ATAAACCATTGGACGG-1,1
ATAAACGGACCCGTAA-1,6
ATAAACGTTGCACCAC-1,3
ATAAAGGCTCGGTCGT-1,6
ATAAAGGTCAAGTACG-1,3
ATAAATATTAGCAGCT-1,5
ATAACGCCGGAGGGTC-1,5
ATAACGGAGTCCAACG-1,5
ATAAGGTGGAGAACAT-1,6
ATAAGTAGGATTCAGA-1,3
ATAAGTAGGGCGACTC-1,3
ATAAGTTACCGCGACG-1,6
ATAATACCGTTAGCCG-1,1
ATAATAGCTGTTGAAT-1,6
ATAATAGTGTAGGGAC-1,3
ATAATCTTGGAGAACC-1,5
ATAATTAGCTAAGTAG-1,6
ATACAGGCCCTCCAAT-1,5
ATACCACGGGCAACTT-1,5
ATACCAGCAAATTGCT-1,1
ATACCAGGCTAATAGA-1,3
ATACCAGGTGAGCGAT-1,1
ATACCTAACCAAGAAA-1,6
ATACGCCGATCTACCG-1,1
ATACGCCGGCGAAACC-1,5
ATACGGAACGTCGTTT-1,7
ATACGGGTTTCGATTG-1,4
ATACGGTGAAGATGCA-1,4
ATACGTACTTAGCCAC-1,5
ATACGTCCACTCCTGT-1,4
ATACGTTATGCACGGA-1,6
ATACTACCCGTACCAC-1,3
ATACTAGCATGACCCT-1,4
ATACTGCCTTACACCG-1,4
ATAGACAACGGGACCT-1,4
ATAGACGAAGAGAAAG-1,5
ATAGAGTACTGGGACA-1,5
ATAGAGTTATCAACTT-1,4
ATAGATTTGCAGTCGG-1,1
ATAGCAACTAGGGAAG-1,3
ATAGCCTCAGTACCCA-1,2
ATAGCTGCTCTTGTTA-1,1
ATAGGCGGCTATAGAA-1,6
ATAGGCTAGCTTCGCA-1,3
ATAGGGATATCCTTGA-1,4
ATAGGTTGGGCAGATG-1,5
ATAGTCTTTGACGTGC-1,3
ATAGTGAAGCGTTCTC-1,6
ATAGTTCCACCCACTC-1,3
ATATAAAGCGCTCGTG-1,6
ATATAAATGTAGCTGC-1,5
ATATAACACGGGCGCA-1,3
ATATACGCTCGTGACG-1,3
ATATAGAGTATTGGTC-1,7
ATATCAACCTACAGAG-1,3
ATATCGGTAGGGAGAT-1,3
ATATCGTGCCAGACCC-1,2
ATATCGTTCCTCGAAC-1,3
ATATCTCCCTCGTTAA-1,3
ATATCTTAGGGCCTTC-1,6
ATATGTCTCCCTAGCC-1,3
ATATTCAGTTAAACCT-1,6
ATATTCCACATAGTGA-1,5
ATATTCCCACAGGTCA-1,3
ATATTGCTGTCAAAGT-1,3
ATATTTAACCCTCAAG-1,6
ATCAAACACTGTTCCA-1,3
ATCAAACGAAGGTTTG-1,6
ATCAATCTGGGCTGCA-1,6
ATCAATGCCGTGGCTG-1,7
ATCACATTAGAATATC-1,4
ATCACGTGCTAATTAA-1,6
ATCACTTCATCCTCGC-1,5
ATCAGACGGCACGCCG-1,6
ATCAGCCTCATGCTGC-1,4
ATCAGCTCGTCCACTA-1,6
ATCAGGTCGCCATTGC-1,3
ATCAGTAGGCAGGGAT-1,4
ATCATAGATCGACGAG-1,6
ATCATAGCCCTATGTA-1,3
ATCATCCAATATTTGT-1,6
ATCATCTGCCCAGTGT-1,2
ATCCAACGCAGTCATA-1,4
ATCCAATGGAGGGTCC-1,6
ATCCACATCGACAGAA-1,5
ATCCACGCTAAATGTT-1,3
ATCCAGAGCAACAACC-1,6
ATCCAGGATTCGTGAA-1,6
ATCCCATCCACAGCGC-1,7
ATCCTACCTAAGCTCT-1,6
ATCCTGAATCGCTGCG-1,5
ATCCTGCGTGGAATGG-1,6
ATCCTGCTGCAGATAG-1,1
ATCGACCCAATACAGA-1,6
ATCGACTCTTTCCGTT-1,5
ATCGCACGATTGTTCA-1,1
ATCGCACGCCGGGAGA-1,5
ATCGCCAGTCAACATT-1,3
ATCGCTGCGTGCAGCA-1,2
ATCGGAGACAGACGGC-1,5
ATCGGCAAGCAGTCCA-1,3
ATCGTCCAATCGAGTC-1,1
ATCGTGGAAAGTCTGG-1,7
ATCGTTAGCTAGCGGA-1,3
ATCGTTCACTTTCGCC-1,2
ATCTAATATCCTACGG-1,6
ATCTAGCTTGTGAGGG-1,6
ATCTCCCACGGAATAT-1,3
ATCTCCCTGCAATCTA-1,4
ATCTCGTGAGCGAAAC-1,2
ATCTGACATGGAAGGA-1,7
ATCTGATAGTGTCTTA-1,1
ATCTGCACCTCTGCGA-1,3
ATCTGCTGTTATCGCC-1,6
ATCTGGGCTGTTCTTG-1,6
ATCTGGTTAAGACTGT-1,5
ATCTGTAATTGTACCC-1,3
ATCTTAGGGCATTAAT-1,7
ATCTTATCGCACACCC-1,3
ATCTTGACCTGCAACG-1,5
ATCTTGACTTGTCCAA-1,3
ATGAAGCCAAGGAGCC-1,4
ATGACGCCGGCTCTAA-1,3
ATGACGCGTTCTATCC-1,7
ATGACTATCAGCTGTG-1,7
ATGACTATGCGACATT-1,4
ATGAGGAGTGTTAATC-1,4
ATGATCGGGAATAGAC-1,3
ATGATGCAATGGTACA-1,6
ATGCACGCGCTGTTCA-1,7
ATGCACTACCGCATTG-1,5
ATGCATGATCCAGGAT-1,5
ATGCATTCCGTGATGG-1,1
ATGCCAATCGCTCTGC-1,2
ATGCCATTTGCGACCA-1,5
ATGCCGGTCTTGCATA-1,5
ATGCCGGTTGATGGGA-1,4
ATGCGACAATTGGTCC-1,2
ATGCGACAGTCCCATT-1,6
ATGCGAGTCCCACCAC-1,3
ATGCTCAGTGTTGCAT-1,3
ATGCTCTGGCGCGGTA-1,5
ATGCTTAGGAGTTGAT-1,2
ATGGAAATTTAAGGAG-1,1
ATGGACTGCTTAGTTG-1,1
ATGGAGCAGGCCGTGA-1,6
ATGGATCCGGCGTCCG-1,4
ATGGATTGACCAAACG-1,5
ATGGCAGCATTACGAT-1,7
ATGGCTGGAAATGGCC-1,3
ATGGGAACGGAAGCGG-1,2
ATGGGACCTGCTGAAC-1,7
ATGGGCCTCGGCCTCT-1,4
ATGGGTGTATACCTCC-1,7
ATGGTATTTACTGATT-1,7
ATGGTCGCGTGGTTTC-1,5
ATGGTGCTCAAAGCCA-1,1
ATGTAAGGCTGCTCTT-1,3
ATGTACGATGACGTCG-1,6
ATGTAGCGCGCGTAGG-1,5
ATGTGAAAGCCTAATG-1,6
ATGTGCATCCGACGCA-1,5
ATGTGGACATCTTGAT-1,6
ATGTGTAGTTTAGTCA-1,2
ATGTTACGAGCAATAC-1,2
ATGTTCCTGCCCACCT-1,1
ATGTTCGTCGACCCAC-1,4
ATGTTGTAGTCTGTTT-1,7
ATTAAACATGCGGACC-1,6
ATTAATACTACGCGGG-1,5
ATTAATGAACCAGTCG-1,5
ATTAATTCGGTCACTC-1,3
ATTACAACTACCGGCC-1,3
ATTACATGTCAGTCTT-1,3
ATTACCACACTGCCTG-1,2
ATTACGCGCTGGCAGG-1,6
ATTACTAGCCTCTTGC-1,3
ATTACTTACTGGGCAT-1,3
ATTAGATTCCTCAGCA-1,3
ATTAGATTGATAGCGG-1,3
ATTAGGCGATGCTTTC-1,6
ATTATACTTTGCTCGT-1,4
ATTATAGCTACTTTAC-1,3
ATTATCGGAATGTACG-1,6
ATTATCTCGACAGATC-1,3
ATTATGAGACCCAATT-1,7
ATTATGCCATAGGGAG-1,4
ATTATTATGTCCGTCA-1,7
ATTATTCAGAGTCACT-1,3
ATTCAACCATTTAAGG-1,3
ATTCACTGATGTTGGA-1,6
ATTCAGGACCTATTTC-1,3
ATTCAGGATCGCCTCT-1,1
ATTCAGTAGCAGGGTC-1,3
ATTCATATACTGTCCA-1,6
ATTCATCGTTGAGGCA-1,3
ATTCCCACATAAACAA-1,3
ATTCCTAAGACGTGGA-1,2
ATTCCTCCGCCAGTGC-1,4
ATTCCTTCCAGGCGGT-1,1
ATTCGACGCCGGGCCT-1,5
ATTCGCGCCTTGAGAG-1,1
ATTCGTGCTATCTCTT-1,3
ATTCTCGTCTCTTTAG-1,3
ATTCTGAGTATGAACT-1,3
ATTCTTCGTACTTATG-1,3
ATTGAAGATCTTAGTG-1,5
ATTGACGTAACTCGGT-1,3
ATTGATAGCAACGAGA-1,1
ATTGATCACCACATTT-1,6
ATTGATGAGTCCTAAC-1,3
ATTGCCTATTAGACCG-1,7
ATTGCCTTTATGTTTG-1,4
ATTGCGATCAGTAACT-1,3
ATTGCTGCTCCTCCAT-1,6
ATTGGATTACAGCGTA-1,3
ATTGGGAATATCTTGG-1,3
ATTGTACAACTCGGCT-1,3
ATTGTCGCAATACCTT-1,3
ATTTAACTCGTATTAC-1,3
ATTTACAGTTTACTGG-1,5
ATTTACTAAGTCCATT-1,2
ATTTCATTATTTCGCG-1,3
ATTTCCGGGTTCTGCG-1,7
ATTTGCCTAGTTACGA-1,1
ATTTGCGCGAGTAGCT-1,7
ATTTGTCTTGGGAGCT-1,5
ATTTGTTCCAGGGCTC-1,4
CAAACCCTCCGGCGGG-1,5
CAAACGAGTATCGCAG-1,6
CAAACGGTCGCACTTT-1,5
CAAACGTGGTCTTGCG-1,2
CAAACTACGATAGAGA-1,3
CAAACTATTGAGCTTC-1,3
CAAACTCGCGACGCCG-1,3
CAAAGATTATTGGGCC-1,7
CAAAGTCAGGTTAGCT-1,1
CAAATCTCTCACAAGG-1,6
CAAATGCGGAGTGTTC-1,6
CAAATGTCCTTCCGTG-1,6
CAAATTGTCAGCAAGC-1,3
CAACAGAATAACGCTA-1,1
CAACAGTGCCAAACGG-1,1
CAACATGGCCTGATAA-1,1
CAACCGCACCTAGACA-1,1
CAACCTACCGAGCAGT-1,3
CAACGACCCGTTTACA-1,4
CAACGCGATGAGCCAA-1,1
CAACGGTTCTTGATAC-1,3
CAACGTGGTGGAGTCT-1,2
CAACTATATCGAATGC-1,3
CAACTCCAACGTTTAG-1,2
CAACTCCTTGATCCCG-1,3
CAACTGCTCATCCGAT-1,6
CAACTTGTAGTGGGCA-1,1
CAAGAGGGCGGAGTAC-1,6
CAAGATATTATAACGT-1,5
CAAGCAACGTCGGAGT-1,5
CAAGCACCAAATGCCT-1,4
CAAGCGGCACATAATT-1,6
CAAGGATCGCATGTTC-1,6
CAAGGCCAGTGGTGCA-1,1
CAAGGTCCTATAGGCT-1,3
CAAGTAAGTGATAGAC-1,6
CAAGTGAACTTTGGTT-1,2
CAAGTGTGGTTGCAAA-1,4
CAATAAACCTTGGCCC-1,5
CAATACGCTCTGAGGC-1,5
CAATATTCTTGACCTA-1,7
CAATATTGGACTAGTG-1,1
CAATCCCTATACCAGC-1,3
CAATCCTGCCGTGGAG-1,1
CAATGCGAGAAGTATC-1,5
CAATGGAATCTACATA-1,3
CAATGGATCTCTACCA-1,5
CAATGGTCGGCCTGGG-1,2
CAATTAAGGGTGATGA-1,6
CAATTTCGTATAAGGG-1,6
CAATTTGACCGGGAAG-1,1
CACAAGCTAAGAAAGG-1,7
CACAATGAGCTGCTAT-1,6
CACACACGCTAACGAG-1,3
CACACAGCTTGCGCTC-1,3
CACACAGGGATAGATT-1,3
CACACGCGCTGTCTTA-1,5
CACACGTTTCAATGGG-1,2
CACAGAGACGAGGACG-1,7
CACAGCACCCACGGCA-1,6
CACAGCTAGGGAGTGA-1,4
CACAGGGCCATATAGT-1,3
CACAGGGCCGTTGTCA-1,6
CACAGTCCCGCTTCGC-1,3
CACAGTTCGCTTCCCA-1,2
CACATAAGGCGACCGT-1,1
CACATATTAGCAGGAT-1,6
CACATCGTGCACGCGC-1,7
CACATCTCACCGACGA-1,5
CACATGATTCAGCAAC-1,6
CACATGTTTGGACATG-1,1
CACATTCTTTCGATGG-1,3
CACATTTCTTGTCAGA-1,3
CACCAGTCAGCATGCA-1,7
CACCATCGGAGGAGAC-1,3
CACCCAAATCTTATGT-1,3
CACCCACACGTCACCC-1,3
CACCCACGAGGCAATT-1,3
CACCCGGTTTGTGACT-1,7
CACCCTAACAAGATCT-1,5
CACCCTTGGTGAGACC-1,6
CACCCTTTCCTCGCTC-1,1
CACCGATACACCGAGC-1,3
CACCGCCAGAAGGTTT-1,5
CACCGCCGACCAGCGA-1,3
CACCGCGTCCACTCTA-1,2
CACCGGAGATATCTCC-1,3
CACCGGTAGAGACATT-1,7
CACCGTATCCCATCCG-1,3
CACCGTTAGGGATCAC-1,7
CACCGTTGCGCGATAT-1,6
CACCTAATAGAGTCGT-1,3
CACCTAATCAGTTTAC-1,4
CACCTCGATGGTGGAC-1,4
CACCTTGCGAAACTCG-1,5
CACCTTGGCGCCTTTG-1,3
CACGAAAGTTAGTCCC-1,5
CACGACTAAAGTTCTG-1,1
CACGATTGGTCGTTAA-1,4
CACGCACAGCGCAGCT-1,5
CACGCAGCGAGGCTTT-1,5
CACGCGGAACTGTTGC-1,3
CACGGCGCGCCAAAGG-1,3
CACGGGATTGAGGGTT-1,2
CACGTCGGCAACCTCT-1,7
CACGTCTATGATGTGG-1,3
CACGTTCGTGCTCTAG-1,5
CACGTTTCGTACACAC-1,4
CACTAAAGTTGCCTAT-1,6
CACTACGGGAGCTGCC-1,3
CACTACTCAGTTCTGT-1,3
CACTCAAGAGCTATGG-1,6
CACTCAGCTCTTGAGG-1,3
CACTCCTATGTAAGAT-1,7
CACTCCTCTCGGTCGG-1,3
CACTCGAGCTGAACAA-1,6
CACTCGGTTAGGAGGA-1,4
CACTCTCAAGCATCGA-1,6
CACTCTTCTGCTAGCC-1,3
CACTGACGATTGTGGA-1,6
CACTGTCCAAGTGAGA-1,3
CACTTAATCAGACGGA-1,6
CACTTCGCCACAGGCT-1,3
CACTTCGTCTTATCTC-1,1
CAGAACTTAGCCCTCT-1,5
CAGAATAACACACGGA-1,2
CAGACACCGATCGCTG-1,6
CAGACCTGTAAGTGTT-1,3
CAGACGAACCTGATAC-1,6
CAGAGACGGTCACCCA-1,6
CAGAGCATGAGCTTGC-1,5
CAGAGGCGATGCATGA-1,7
CAGAGTGATTTAACGT-1,3
CAGATAATGGGCGGGT-1,1
CAGATACTAACATAGT-1,5
CAGATATGAAGATGAC-1,7
CAGATCATTTAAAGTC-1,2
CAGATCCTGGTTTGAA-1,7
CAGCAGCCCGTTCCTT-1,5
CAGCAGTCCAGACTAT-1,3
CAGCAGTCTGTGCTGC-1,5
CAGCCCTCACAGGCAG-1,1
CAGCCGGGCCCTCTAT-1,3
CAGCCTCCTGCAGAGG-1,5
CAGCCTCTCCTCAAGA-1,3
CAGCGATTCCCTTCAA-1,7
CAGCTCACTGAGACAT-1,6
CAGCTCGACAAGTTAA-1,4
CAGCTCGTGCTTGTGT-1,2
CAGCTGGCGTAACCGT-1,6
CAGCTTAGTAGGTAGC-1,5
CAGGAAGACTTTATAT-1,3
CAGGATATATCGTTGT-1,6
CAGGATCCGCCCGACC-1,4
CAGGCAGTCTTACCAG-1,4
CAGGCCAGTACCACCT-1,7
CAGGCCGTTTGGGTGT-1,6
CAGGCGCACGGTGGTC-1,7
CAGGCGCCATGCTAGG-1,6
CAGTAATCCCTCCCAG-1,3
CAGTACATTCTCTAAA-1,3
CAGTACCAGTTTACGT-1,6
CAGTAGCCCACGCGGT-1,4
CAGTAGCGAGGTAGTA-1,1
CAGTCGAGGATGCAAT-1,3
CAGTCTCTCGGCTAAT-1,1
CAGTCTGTATACTGGG-1,6
CAGTGAATAAATGACT-1,5
CAGTGGTTGCACATGA-1,1
CAGTGTCCGCAGAATG-1,2
CAGTGTCGGCTGGCCC-1,4
CAGTGTTAATCTCTCA-1,7
CAGTTCAAATTGACAC-1,5
CAGTTCCGCGGGTCGA-1,3
CAGTTCGAGGACCCGA-1,6
CATAACGGACAGTCGT-1,4
CATAAGAAGCTTGGCT-1,5
CATAAGCTCTCCGTCT-1,5
CATAATGAGCGGGCGA-1,1
CATACAAAGCCGAACC-1,2
CATACCCGTACCCAGT-1,5
CATACGAACTAGCTGG-1,7
CATACGGCGTCTGGGC-1,6
CATACGGGTGCATGAT-1,1
CATACTATGTAATTGT-1,6
CATACTTAGGCAATAC-1,3
CATACTTCTTTCTCCG-1,6
CATAGCCGCCCGGGAT-1,3
CATAGCGTTGCCCACC-1,7
CATAGTACATTGAGAG-1,3
CATAGTAGCATAGTAG-1,3
CATAGTCAAATACATA-1,3
CATAGTCCACAAGAAC-1,6
CATATACTACTGATAA-1,3
CATATAGGTACAGTCA-1,6
CATATGTCAGGCTACG-1,6
CATATTATTTGCCCTA-1,3
CATCAACACCTACTAA-1,1
CATCATCTACCCGGAC-1,3
CATCATTACCCTGAGG-1,4
CATCCAATATAGTTTG-1,7
CATCCGCAGGCCCGAA-1,1
CATCCTCTCAAAGATC-1,4
CATCGAATGGATCTCT-1,1
CATCGCCCGCGGCCAA-1,2
CATCGGACGGGTTAAT-1,6
CATCTATCCCGTGTCT-1,3
CATCTGCAGGATCATT-1,1
CATCTTACACCACCTC-1,3
CATGAACCGACATTTG-1,2
CATGAACCTCTTATCA-1,3
CATGACTTCGCTGAAT-1,3
CATGAGATGCACTCTC-1,5
CATGATGCACAATTCT-1,4
CATGATGGAAGTTAGC-1,3
CATGCACATGAGAGGC-1,1
CATGCACGTGTTACTG-1,2
CATGCATGGAGACCCT-1,3
CATGCCAACTCGCAAA-1,6
CATGCGACCAGTTTAA-1,3
CATGCGTTAGACAGAA-1,3
CATGCTGGCTCCAATT-1,3
CATGGATTGTCTTCCG-1,3
CATGGCAGGAAGATCG-1,3
CATGGGTATGCCTTAT-1,5
CATGGGTCGGGTGTGG-1,4
CATGGTAAGTAGCGTT-1,6
CATGGTATTAGTTTGT-1,7
CATGGTCTAGATACCG-1,5
CATGTAAGAGACATTT-1,4
CATGTCTCATTTATGG-1,5
CATTACGTCGGCCCGT-1,4
CATTATAACAGGGTCC-1,1
CATTATCCCATTAACG-1,7
CATTATGCTTGTTGTG-1,5
CATTCACTGACAGCTA-1,2
CATTCAGGTCAGTGCG-1,1
CATTCCCTAAGTACAA-1,1
CATTGCAAAGCATAAT-1,1
CATTGCGAAATGGGCG-1,5
CATTGTGTGCTAGATC-1,1
CATTTAGCGGACCATG-1,5
CATTTATCGTTCAAGA-1,3
CATTTCTAGCAGACTA-1,1
CATTTGAGTGGTACGT-1,6
CCAAACAGAACCCTCG-1,5
CCAAAGCAGTTGGTTG-1,1
CCAAAGTCCCGCTAAC-1,1
CCAAATAACAAGATTC-1,2
CCAACCTTATGTAACT-1,7
CCAACGATGCACTGAT-1,5
CCAACGCTTGCCAGGG-1,2
CCAAGAAAGTGGGCGA-1,6
CCAAGACTTCTGCGAA-1,4
CCAAGCGTAACTCGTA-1,6
CCAAGGAACAGAGAGG-1,3
CCAATAGTGCCGTCGA-1,6
CCAATCGGTAGATCGA-1,3
CCAATGTCACAGCAAG-1,6
CCAATTACGGGTCGAG-1,3
CCAATTGAATGTTAAT-1,3
CCACAATGTACGTCTT-1,5
CCACACTGAGATATTA-1,6
CCACAGTACCCATCCT-1,4
CCACATACTGCACCCA-1,1
CCACCAACTTTACTGT-1,7
CCACCCAAGGAAAGTG-1,5
CCACGAATTTAACCTC-1,3
CCACGAGAAGAGAATC-1,3
CCACGGAGCCATAAGA-1,6
CCACGGTGCCCGGTAG-1,3
CCACTAAACTGAATCG-1,1
CCACTGGTGGCTGGTT-1,5
CCACTGTTTGGATTAA-1,3
CCAGAAAGCAACTCAT-1,7
CCAGAGACAAAGCCGG-1,3
CCAGATAGTTGAGTGA-1,5
CCAGCCTGGACCAATA-1,6
CCAGCTACGCCTCATA-1,1
CCAGCTCGAACGCATT-1,6
CCAGCTGATGGTACTT-1,5
CCAGCTTCCGCCCGCA-1,4
CCAGGGACGTGGCCTC-1,5
CCAGTAGTCTGATCCA-1,4
CCAGTCTAGACGGCGC-1,5
CCAGTCTTGTCATAGA-1,6
CCATAAACAACCCGAC-1,3
CCATACCTTTACTTGT-1,3
CCATAGGTTGGCGTGG-1,4
CCATAGTCAGTAACCC-1,1
CCATATGGAAACTATA-1,3
CCATATTGGATCATGA-1,1
CCATCCATACCAAGTC-1,2
CCATCGCAGTTAAACT-1,6
CCATCTCACCAGTGAA-1,3
CCATCTTGTTCACAAT-1,1
CCATGCCCTAGATTTC-1,3
CCATGCCTGTTTAGTA-1,6
CCATGCTCTGCAGGAA-1,4
CCATGGCAAACGCTCA-1,1
CCATGGCCCTTGTACC-1,5
CCATGTTCATCTATAT-1,7
CCATTAGCGATAATCC-1,5
CCATTCCCTGCCCACA-1,5
CCATTTCTACCTATTA-1,6
CCCAAACATGCTGCTC-1,5
CCCAACATACGTCGCG-1,6
CCCAACCACACTAACA-1,3
CCCAAGAATGCACGGT-1,2
CCCAAGACAGAGTATG-1,1
CCCAATGAGATTTGCA-1,7
CCCAATTTCACAACTT-1,6
CCCAGAGGAGGGCGTA-1,3
CCCAGGTCTGAAGGCT-1,2
CCCAGTAAACTTGGGA-1,7
CCCAGTTAAGGCGCCG-1,5
CCCGAAGTTTCGCGAA-1,6
CCCGACCATAGTCCGC-1,4
CCCGAGTTTCTCCGTA-1,3
CCCGCAGCGCGAACTA-1,6
CCCGCAGGGCCCAAAG-1,3
CCCGCCATGCTCCCGT-1,3
CCCGCGCAATGCACCC-1,3
CCCGCTAGAGGGTTAA-1,1
CCCGCTTGCCCTCGTC-1,1
CCCGGGTCGTTCAGGG-1,6
CCCGGTGGAAGAACCT-1,3
CCCGGTGTATCGGAAT-1,7
CCCGTAAGTCTAGGCC-1,5
CCCGTAGCTGGGAAGA-1,7
CCCGTCAGCGTCTGAC-1,5
CCCGTTTCGCAGATGT-1,3
CCCTATGTAGAGCAGA-1,7
CCCTCATTCTGGAATT-1,3
CCCTCCTCGCTCGTAT-1,3
CCCTCGATAATACACA-1,7
CCCTCGGGAGCCTTGT-1,1
CCCTGAAATGAGTTGA-1,5
CCCTGACTAACAAATT-1,5
CCCTGATGTAACTCGT-1,1
CCCTGCCCAATCCGCT-1,5
CCCTGCGCTACGCATA-1,5
CCCTGGTATGGGCGGC-1,3
CCCTTCTCGTACGCGA-1,1
CCCTTTAATGGAGTTC-1,3
CCCTTTGACAGGTCTT-1,6
CCGAAAGTGGTGAGCA-1,3
CCGAACACTGGGCCTC-1,6
CCGAACCTTCCCGGCC-1,6
CCGAAGCATTGACCAA-1,7
CCGAAGTATATTGTTC-1,3
CCGACAAACACATGAG-1,1
CCGACAAAGGGAGTGC-1,5
CCGACAATAGGCCGCC-1,2
CCGACGGGCATGAGGT-1,7
CCGACGTAAACACAAC-1,3
CCGACTCGCATAGTCT-1,2
CCGAGAAGTCGCATAA-1,3
CCGAGCTGTGCTTGTC-1,1
CCGAGGGATGTTAGGC-1,2
CCGATCTCAACCTTAT-1,3
CCGATTCGAGGGACCC-1,5
CCGATTGGTCAATGAA-1,1
CCGCACAAAGACCAAC-1,5
CCGCACGTGACCTCGG-1,4
CCGCATGTGGTACGAT-1,6
CCGCCACCACAATCCA-1,1
CCGCCGGAACTTCTCG-1,7
CCGCCGGTCAACACAC-1,3
CCGCCTGCGAATTGGT-1,3
CCGCGGAATGCGTCAC-1,7
CCGCGGGTACGAAGAA-1,5
CCGCGTAGGTAAGGGC-1,4
CCGCTATCAGCACCAG-1,6
CCGCTCCAGGGCGATC-1,6
CCGCTCTTCCGAACTA-1,3
CCGCTGGTGCCATTCA-1,3
CCGCTTACCTCACTCT-1,6
CCGCTTCGCGGTTAAC-1,1
CCGCTTGCTGACATGG-1,2
CCGGAATGGTTTCAGT-1,4
CCGGAGCGTACTTTCT-1,6
CCGGCACGACCGTTTC-1,3
CCGGCGCATATTGGAT-1,3
CCGGCGTGAGACTCTG-1,6
CCGGGACCCGCAGAGA-1,3
CCGGGCGGTCTCGTCA-1,5
CCGGGCTAAGAATTTC-1,7
CCGGGCTGCTCCATAC-1,5
CCGGGTTCGAGGTTAC-1,5
CCGGTAATGGCTAGTC-1,3
CCGGTTTGTAATTGTG-1,7
CCGTAAGTTGGTCCCA-1,5
CCGTACCCAAGCGCCA-1,1
CCGTAGGAAATCCCTG-1,3
CCGTAGGGTTGTTTAC-1,3
CCGTATCTCGTCGTAG-1,7
CCGTATTAGCGCAGTT-1,1
CCGTCAACCTCTGGCG-1,7
CCGTGCCCATGACGGC-1,3
CCGTGGAACGATCCAA-1,3
CCGTGTTAAATTCCAT-1,6
CCGTTACGTTAGAACA-1,3
CCGTTCCGAATCTCGG-1,5
CCTAAACAGGGTCCGT-1,1
CCTAAAGGCTGACGCT-1,3
CCTAAATTAACGGTTC-1,6
CCTAAATTGTATCCTA-1,2
CCTAACCCAAACAAGT-1,4
CCTAACTAAGGCTCTA-1,3
CCTACAAGTCCGGAAT-1,1
CCTACATTCACAGACG-1,7
CCTACGCGACCTTACA-1,2
CCTACGGCTCAGTCGA-1,3
CCTACTGCTTACACTT-1,5
CCTAGGCGTAGCGATC-1,5
CCTAGGTAAAGGTAGC-1,6
CCTAGTTAGTCGCATG-1,3
CCTATAATGAGTGCCC-1,5
CCTATACCGTCCTGTC-1,7
CCTATATCGTGTCACG-1,7
CCTATATTTGTCCTGG-1,6
CCTATCTATATCGGAA-1,4
CCTATGAAGTGGTGCC-1,3
CCTATGGCTCCTAGTG-1,7
CCTATGGGTTACCGTC-1,5
CCTATGGTCAAAGCTG-1,5
CCTATGTCCACTCCAC-1,3
CCTCACCAATCTTGAC-1,3
CCTCACCTGAGGGAGC-1,3
CCTCACCTTAGCATCG-1,3
CCTCATGCAGCTACGA-1,1
CCTCCCGACAATCCCT-1,3
CCTCCGACAATTCAAG-1,5
CCTCCTAGCTAGAGTC-1,7
CCTCCTGTTGTGTCGT-1,3
CCTCGAAGTGGACGGG-1,4
CCTCGACCCACTGCCT-1,2
CCTCGCCAGCAAATTA-1,4
CCTCGCGCGATATAGG-1,3
CCTCGCGCTGTGCGAT-1,6
CCTCGGACCGGGATAG-1,5
CCTCGGATGCTACCTG-1,2
CCTCGGTTTCCTTGCC-1,7
CCTCTAATCTGCCAAG-1,5
CCTCTACAAGGATTGG-1,7
CCTCTATCGATTAGCA-1,7
CCTCTCTCCCATCTAG-1,5
CCTCTGGCCTAGACGG-1,3
CCTCTGTACTATTCTA-1,6
CCTGAACGATATATTC-1,5
CCTGAATATTTACATA-1,5
CCTGACCACCGATGGT-1,6
CCTGACGCAACCTTTA-1,2
CCTGCGATAGAACTGT-1,1
CCTGCGTTCTACGCTT-1,4
CCTGCTATTTGAGAAG-1,5
CCTGGAAACGTTCTGC-1,3
CCTGGCTAGACCCGCC-1,5
CCTGGTCGAATGTGGG-1,6
CCTGTAAGACATGATA-1,6
CCTGTACTCACGCCCA-1,5
CCTGTCACCCGGGCTC-1,5
CCTGTCGCCCGTAAAT-1,6
CCTGTCGTGTATGAAG-1,7
CCTGTGCGGATTGTAA-1,1
CCTGTTTGAAGACACG-1,3
CCTTCAGTTAAAGTGA-1,7
CCTTCCGCAACGCTGC-1,7
CCTTCGTATAGAATCC-1,6
CCTTCTCAGCGTTCCT-1,6
CCTTCTTGATCCAGTG-1,4
CCTTGACCACTTTATT-1,3
CCTTTAAGGGAGCACT-1,6
CCTTTCAATGAAGAAA-1,3
CCTTTGAATTATGGCT-1,7
CGAAACATAGATGGCA-1,3
CGAAACGCAATTCATG-1,6
CGAACAGTATGGGCGT-1,3
CGAACCCGCATGCGTC-1,6
CGAACGCCCAGTGCCG-1,3
CGAACGGCCGGACAAC-1,6
CGAAGACTGCCCGGGA-1,1
CGAAGCCACAGCATGG-1,7
CGAAGCTATAAATTCA-1,2
CGAAGGGTTTCAGATT-1,7
CGAAGTTGCTCTGTGT-1,5
CGAATCTGCTCGACGC-1,7
CGAATGAAGTCATTGC-1,7
CGAATGACGCATAATG-1,6
CGAATTACATGGTGTT-1,1
CGACAATTTGATCTAA-1,4
CGACACGCTCCGACAG-1,4
CGACAGTTCGCGTTAT-1,6
CGACATGCGATCTTCT-1,3
CGACCCTTAACGCCGG-1,6
CGACGCATCCGTACCT-1,6
CGACTCAGGATGTTAT-1,4
CGACTTTGTATAGCCT-1,3
CGAGACCCTAGAGTGT-1,6
CGAGAGATGTGAACCT-1,5
CGAGAGCTTTCACTAC-1,3
CGAGAGGGTAGCCGCG-1,3
CGAGATGTTGCCTATA-1,1
CGAGATTTCGCTCGGG-1,2
CGAGCACTTCAAGTTT-1,3
CGAGCGTTGATCAGCC-1,2
CGAGCTGGGCTTTAGG-1,4
CGAGGCCAGGCATTGG-1,1
CGAGGCTAAATATGGC-1,5
CGAGGGACTGCGGTCG-1,5
CGAGGGTATCCAGGTG-1,6
CGAGTACTAAAGAGGA-1,6
CGAGTGAAGGTACCAG-1,7
CGAGTGCTATAGTTCG-1,1
CGAGTTCTGTCCCACC-1,5
CGAGTTTATCGGACTG-1,4
CGATAATACTCAGGTT-1,2
CGATACCTCGCGGACA-1,6
CGATAGCGATACAGTG-1,7
CGATAGTCGTACTGCA-1,3
CGATCCGACCCAGTGC-1,6
CGATCCTCGCAACATA-1,7
CGATCTGTTGGAGGAC-1,6
CGATGGACCCTACGCC-1,3
CGATGTTGTTATCTAC-1,7
CGATTAAATATCTCCT-1,6
CGATTCGCCTGGCTGC-1,5
CGCAAACACGAGTTAC-1,5
CGCAATTACTTTCGGT-1,3
CGCAATTAGGGTAATA-1,5
CGCAATTCTACAATAA-1,3
CGCACATGTCCACTAC-1,5
CGCACGTCTGTTTATG-1,7
CGCACGTGCGCTATCA-1,3
CGCAGAAACATTTGCG-1,3
CGCAGATCTTCACCCG-1,2
CGCAGGCGATCCAAAC-1,3
CGCATCATGGCTTCAG-1,3
CGCATGCCGAATGCGT-1,3
CGCATGGTGCGATGCT-1,6
CGCATTAGCTAATAGG-1,5
CGCCAAGAAGCCGAGT-1,5
CGCCACAGGTCGCGAT-1,1
CGCCACCCGCATTAAC-1,1
CGCCATCCGATTATGA-1,5
CGCCCAGCACGCCTAG-1,6
CGCCCAGCGTTTCACG-1,3
CGCCCGCTTCCGTACA-1,4
CGCCCTAATTGTTCAA-1,7
CGCCCTTGAAGGCTGA-1,3
CGCCGCCCATGCCTGT-1,5
CGCCGTTCAGCATAGT-1,3
CGCCTCCCTCCTCTAT-1,6
CGCCTGGCCTACGTAA-1,6
CGCCTTTAGCATGCTC-1,2
CGCGAAGTGGCATACT-1,3
CGCGACCGCGACAGAT-1,5
CGCGAGAGGGACTTGT-1,2
CGCGAGTCTGCCGGGT-1,7
CGCGCAAATGTCCAGA-1,7
CGCGCAAGGAACTACA-1,1
CGCGCATGTTTGATTG-1,6
CGCGCCCGACTTAATA-1,5
CGCGGCAGTATTACGG-1,1
CGCGGCTCAACTTGAA-1,3
CGCGGGAATTAGGCAG-1,5
CGCGGTCACAAACCAA-1,2
CGCGTCATATTAAACC-1,1
CGCGTGCTATCAACGA-1,1
CGCGTTCATGAAATAC-1,5
CGCTACCGCCCTATGA-1,1
CGCTACGGGACATTTA-1,6
CGCTAGAGACCGCTGC-1,3
CGCTATACCGCCCACT-1,2
CGCTATTCAATGTATG-1,3
CGCTATTCTTAGGCTC-1,6
CGCTCGACATAATGAT-1,4
CGCTCTCCGTAGATTA-1,5
CGCTGAGGACGTCCAA-1,1
CGCTGGTGACTACCCT-1,3
CGCTGTGACGCCGCAC-1,5
CGCTGTGTGGATGTTG-1,7
CGCTTAGTATTGATAC-1,6
CGCTTATTCCCGGTCG-1,6
CGCTTCCACTGAAATC-1,3
CGCTTTCATACCGGTG-1,3
CGCTTTCTTGCATTCG-1,5
CGGAAAGAATCAAACG-1,7
CGGAAATTTCACATCC-1,2
CGGAACGTAAACATAG-1,6
CGGAGCAATTTAATCG-1,6
CGGAGCATGGCGATCC-1,6
CGGAGCTTATAACACC-1,3
CGGAGTTTGAGAGACA-1,5
CGGATAAGCGGACATG-1,2
CGGATCCTCAAGGACT-1,5
CGGATGAATGCTGTGA-1,7
CGGCAAACATCGTGCG-1,6
CGGCAATAAGATCGCC-1,3
CGGCACCGTTAGCGCC-1,3
CGGCACTCAAGAAAGT-1,1
CGGCAGGGTCGGGTTG-1,4
CGGCCACGCACAAAGT-1,6
CGGCCAGAGCGACCAT-1,6
CGGCCCAACCTGTAGT-1,2
CGGCCCAGGTATATCC-1,3
CGGCGCCATCAATCCC-1,3
CGGCTCTAAAGCTGCA-1,3
CGGCTCTTCGTCGAAC-1,3
CGGCTGCAAGATTAAG-1,2
CGGCTTTGTATGATAA-1,3
CGGGAACGCCCTGCAT-1,7
CGGGAAGTACCGTGGC-1,7
CGGGAATATAGTATAC-1,3
CGGGAATTTATGTAAA-1,6
CGGGAGCTTCAGTGTA-1,4
CGGGAGTATACCGCCG-1,2
CGGGATCAATGTAAGA-1,5
CGGGCAGCTAAACCGC-1,6
CGGGCCATAGCCGCAC-1,1
CGGGCCTTCTTTGTAA-1,6
CGGGCGATGGATCACG-1,5
CGGGTGTACCCATTTA-1,5
CGGGTTTGTTAGGGCT-1,2
CGGTACTAGAATCAAA-1,5
CGGTAGAGGTGCAGGT-1,3
CGGTATAGGTATTAGC-1,2
CGGTCAAGTGGGAACC-1,5
CGGTCCGTCGCAAGCC-1,6
CGGTCTATCAACCCGT-1,4
CGGTGAAGACTAAAGT-1,5
CGGTGCAGATAGAACG-1,6
CGGTGCGCGTTGGTCC-1,7
CGGTGGGCTCCAGCCT-1,3
CGGTGTACTTGATCCC-1,3
CGGTTATCCAACAGTG-1,3
CGGTTCAAGTAGGTGT-1,3
CGGTTCCGGCTTCTTG-1,1
CGGTTGACCTGGCATA-1,5
CGGTTGAGTATCCTTC-1,7
CGGTTGGGTTCAAGTT-1,1
CGGTTTATGAAGGAAC-1,1
CGTAAACGCTTGAGTG-1,1
CGTAAAGCAAGAAATC-1,7
CGTAACTTCGACACTT-1,6
CGTAATAATTACGAGT-1,1
CGTACCGAAAGTCTAG-1,1
CGTACCTGATAGGCCT-1,5
CGTAGAGAGTAATTAT-1,3
CGTAGCGAATTGTCAG-1,3
CGTAGCGCCGACGTTG-1,2
CGTATTAAGAGATCTA-1,6
CGTCAAGGCTATAAAT-1,4
CGTCACGTCCATTGGT-1,6
CGTCAGCTATTTACTC-1,1
CGTCAGTGCGCACAAG-1,3
CGTCAGTTTATCGTCT-1,1
CGTCATACCATATCCA-1,3
CGTCGCATGTGAGCCA-1,5
CGTCGCTTGGTTATAC-1,7
CGTCGGATAGTGTTGA-1,4
CGTCGGGTCTAAGCGC-1,7
CGTCGTCCTTCGCGAA-1,5
CGTCTGGAAGGGCCCG-1,3
CGTGAAGTTAATTCAC-1,6
CGTGACATTGGGTCGT-1,3
CGTGACCAGTCCTCTG-1,6
CGTGCAGACTGGGACA-1,6
CGTGCATTGTCGACGC-1,6
CGTGCCCGACATTTGT-1,1
CGTGCCCTCCCGAAGA-1,5
CGTGCTGGCCTAGTCG-1,1
CGTGCTTCTACCTAAA-1,7
CGTGGCCGAATATCTA-1,3
CGTGGTACCCAAAGGC-1,7
CGTGTCCCATTCGCGA-1,5
CGTGTCTCGTTACGAC-1,7
CGTTAAACTAGTTAGG-1,3
CGTTAATGTCCCGACG-1,4
CGTTAGCTCACAACTG-1,3
CGTTCAAGGAAACGGA-1,7
CGTTCAGACCCGCGAA-1,6
CGTTCATGGTGCGCGT-1,6
CGTTCTTCGCACACCT-1,2
CGTTGAATACCGCGCT-1,5
CGTTGAGCGACCGTCG-1,6
CGTTGAGTAATTGCGT-1,2
CGTTGCCCGCGTGGGA-1,7
CGTTGTAAGATTGATT-1,3
CGTTGTCGGCAATTGA-1,6
CGTTGTTTCAATTCCC-1,6
CGTTTAAGCGGAGCAC-1,3
CGTTTCACTTCGGGCG-1,3
CGTTTCGCTCATTACA-1,6
CGTTTGTGTAGAGGGT-1,7
CTAAACGGGTGTAATC-1,1
CTAAAGAATGCCTACT-1,5
CTAAAGGGAAATAGGA-1,6
CTAAATCCGGTGTACA-1,7
CTAAATCCTATTCCGG-1,5
CTAACCGCGCGCCCGT-1,5
CTAACGAAACTTGCTG-1,4
CTAACTGATAATCGCC-1,3
CTAACTGGTCCGGTTC-1,7
CTAAGGGAATGATTGG-1,6
CTAAGTACAGGGCTAC-1,1
CTAATTCGCACGCGCT-1,4
CTAATTCTCAGATATT-1,3
CTAATTTCAACAACAC-1,3
CTACAAGAAATAACCC-1,7
CTACACTAGCTTGTTC-1,1
CTACACTCGCAGATGG-1,3
CTACATATCGCGGGAC-1,7
CTACCCTAAGGTCATA-1,4
CTACGAACTAGGTCGA-1,3
CTACGACTAGCTATAA-1,5
CTACGATCCTATCCTA-1,7
CTACGCACGGAGTACC-1,6
CTACGCCATTTCCGAT-1,3
CTACGTGTTGCCACCA-1,1
CTACTATCATAGGTTT-1,7
CTACTATCTTTCAGAG-1,4
CTACTCAAGGTATAGT-1,7
CTACTCTAGGCCCGGC-1,4
CTACTGCCACCTGACC-1,5
CTAGACTGCATTTCGT-1,2
CTAGATAAACTCCTCG-1,1
CTAGATGTGAGTGTAA-1,3
CTAGATTTACGACGGC-1,6
CTAGCAACTAATTTAC-1,1
CTAGCATAGTATAATG-1,6
CTAGCCGATGTTATGA-1,3
CTAGGCGCCCTATCAG-1,4
CTAGGCGGCAGAGAAT-1,1
CTAGGGATAGGGACAA-1,7
CTAGGTCTGAAGGAAT-1,3
CTAGGTTCGGACGTGA-1,6
CTAGTAGAAAGGGATT-1,5
CTAGTATTCGGAATTA-1,3
CTAGTCACGTCTTAAG-1,6
CTAGTGAAGGACAGGA-1,5
CTAGTTACAACCCGGT-1,6
CTAGTTGGGCCCGGTA-1,5
CTATAAGAGCCAATCG-1,3
CTATAGGCGTTGATGT-1,7
CTATATCCAGCCTGGC-1,7
CTATCGACGAAATACA-1,4
CTATCGGGTCTCAACA-1,6
CTATGCCCGAATGCAA-1,6
CTATGGGAAGCGGAAT-1,3
CTATGTCACTAGCCCA-1,6
CTATGTCTATTGAAAC-1,3
CTATGTGAGTCACGGC-1,6
CTATTCATGTGTCCCA-1,6
CTATTGTGTTTGGTCA-1,3
CTATTTGCTTGGAGGA-1,6
CTATTTGGTTACGGAT-1,5
CTCAAACCACTGCCCG-1,7
CTCAACTAACCCGGAT-1,4
CTCAAGACATTAGCGC-1,3
CTCACATTTACTAAAT-1,6
CTCACTGTGATACTTA-1,5
CTCACTTGGCTGGTAA-1,5
CTCAGGACTCACCTGT-1,3
CTCAGTCACGACAAAT-1,3
CTCATGGCTCACAATC-1,3
CTCATGGTAATTTGCG-1,7
CTCATTGCTCTAACAA-1,5
CTCATTTGATGGGCGG-1,5
CTCCCAATGAGTCGCG-1,2
CTCCCTCCTTTCGATC-1,7
CTCCGCCCACATGAGG-1,6
CTCCGGCCTAATATGC-1,4
CTCCGGCTTGTAGACA-1,1
CTCCTAAGTTATGTCT-1,1
CTCCTCCAGCTCACAC-1,6
CTCCTGTTCAAGGCAG-1,2
CTCCTTTACGCAAGTC-1,2
CTCGAATGGAACGTAT-1,1
CTCGAGACATACGATA-1,7
CTCGAGATCCAAAGCA-1,1
CTCGAGGTCGAACAGT-1,5
CTCGATATTTGCGAGC-1,3
CTCGCACCTATATAGT-1,5
CTCGCATTGCATAGCC-1,7
CTCGCCGAATGTAGGG-1,6
CTCGGGCATCGTCGGG-1,3
CTCGGGTTCTCTGGCC-1,7
CTCGGTACCACTGCTC-1,5
CTCGGTCCGTAGCCTG-1,3
CTCGGTTGTCGGCCCT-1,7
CTCGTCGAGGGCTCAT-1,7
CTCGTTACGGCTACCA-1,6
CTCGTTTCTAATGTTT-1,3
CTCTAATGCATTGATC-1,2
CTCTACACTGGCGATT-1,6
CTCTACATCCTGCGTG-1,6
CTCTAGCCCTCGGAAA-1,3
CTCTATTTGGCTGCAG-1,6
CTCTCACAATCGATGA-1,6
CTCTCGATGTGCGCCT-1,1
CTCTCTAACTGCCTAG-1,7
CTCTGCGAAGCAAGCA-1,3
CTCTGGACGCCTGGTG-1,6
CTCTGTGCCTGCTATG-1,1
CTCTGTTTGAGGATTC-1,3
CTCTTCTATTGACTGG-1,3
CTCTTCTGGAAGTTAG-1,7
CTCTTGTCCCGCTTGG-1,6
CTGAAAGAGATCCGAC-1,4
CTGAATCCGAGACCTC-1,6
CTGAATTTATTGCCAG-1,3
CTGACTGCGCAGCTCG-1,3
CTGAGAAAGTTCGGCG-1,2
CTGAGCAAGTAACAAG-1,1
CTGATAGTGTATCTCA-1,4
CTGCAAATGGGCTCCA-1,1
CTGCAAGCACGTTCCG-1,3
CTGCACAACTACATAT-1,5
CTGCACCTGGAACCGC-1,3
CTGCACTCCAGTACAG-1,6
CTGCAGAGAATCAGAG-1,3
CTGCCAAGGTTGGAAG-1,4
CTGCCATGCATCACAT-1,6
CTGCCTAGCCACCAAG-1,3
CTGCCTTTAATACCTT-1,7
CTGCCTTTCTAGTAAA-1,3
CTGCGATTTCGAGATT-1,1
CTGCGGGTGAAATGTT-1,4
CTGCGGTAGTCACGTG-1,3
CTGCGTTACGATATAA-1,3
CTGCTGAGGCCACGAA-1,6
CTGCTTGGCGATAGCT-1,5
CTGGAAATGGATGCTT-1,5
CTGGAAGACACGGTGG-1,5
CTGGACGCAGTCCGGC-1,6
CTGGATTTACACTTGA-1,6
CTGGCATCCGAATGAG-1,6
CTGGCGACATAAGTCC-1,3
CTGGCGCACAGGTCTG-1,5
CTGGCGGGAATAAGTA-1,3
CTGGCTCCTGCGGGAT-1,1
CTGGCTGATTCATCCT-1,3
CTGGCTGCTAACGTAA-1,1
CTGGCTGGTTGTCAGT-1,6
CTGGGATAAATAATGG-1,5
CTGGGATCGCCCAGAT-1,1
CTGGGCCTGCTATATC-1,6
CTGGGCGGCCAAATGT-1,1
CTGGGTAGGCAGTTAA-1,5
CTGGGTTGAGTTAAAG-1,7
CTGGTAACACATAGAA-1,5
CTGGTAACGAGCTCTT-1,3
CTGGTCATTCCAATCC-1,3
CTGGTCCTAACTTGGC-1,3
CTGGTGAATGGGCCTA-1,7
CTGGTTCAACGCATCA-1,1
CTGGTTTCGAGCAAGA-1,5
CTGTACTTCTTAGCAT-1,6
CTGTAGCCATCTCACT-1,7
CTGTAGTGAGGATCGA-1,7
CTGTATGGTGTAGAAA-1,3
CTGTCAAATGGCTCGG-1,4
CTGTCACGCCAGGCGC-1,2
CTGTGCAGGGTAGGTC-1,6
CTGTGGTCGGGAGATA-1,4
CTGTTACCCAATCTAG-1,6
CTGTTCACTGCCTGTG-1,5
CTGTTCATCTCACGGG-1,3
CTGTTGTTCAGTCGTA-1,7
CTTAACTTCGAAGTAC-1,3
CTTACACGGTATTCCA-1,5
CTTACACTGGGAAATA-1,3
CTTAGCCTTCCACATG-1,5
CTTAGGTATAGACCAG-1,7
CTTAGTAGGCCTACAG-1,3
CTTAGTGTAGTAGCAT-1,4
CTTAGTTGAGGAATCG-1,7
CTTATGCGCTCAGGGC-1,6
CTTATGTTGACTACCA-1,1
CTTCAACTCCACTTGG-1,5
CTTCAGTGGTCGCCTA-1,7
CTTCATAGCTCAAGAA-1,3
CTTCATTGTCAGTGGA-1,6
CTTCCGCTCCGTGAAG-1,7
CTTCGATTGCGCAAGC-1,3
CTTCGGCCAATTGTTT-1,3
CTTCGTAGATAGGTGA-1,6
CTTCTATGTTGAAGTA-1,6
CTTCTATTAATGCTAG-1,7
CTTCTGGGCGTACCTA-1,7
CTTCTTACGTCGTATA-1,3
CTTGACCCGAAAGATA-1,3
CTTGAGGTTATCCCGA-1,1
CTTGAGTTAGGGTAAT-1,4
CTTGCAACCGCCTCCT-1,6
CTTGCCCAGGCTCTAC-1,6
CTTGGCCAAGCTGGGA-1,6
CTTGTACTTGTTGACT-1,4
CTTGTCAACATTCGAG-1,6
CTTGTCGTACGTGTCA-1,1
CTTGTGAGTCTTTGAC-1,1
CTTGTGCTCACCGATT-1,3
CTTGTTGCTGAGTCAA-1,5
CTTGTTTATGTAGCCA-1,3
CTTTAACTTTCAAAGG-1,5
CTTTAATATTGGTCGA-1,5
CTTTACCGAATAGTAG-1,5
CTTTAGGAACACTGTT-1,5
CTTTAGTGCTATTATT-1,6
CTTTCTGTGCGGGCTT-1,6
CTTTGAAACATATTCC-1,1
CTTTGCATCGCTCTTG-1,3
CTTTGGCGCTTTATAC-1,4
CTTTGGCTTTAGTAAA-1,5
CTTTGGGATTGTTGCA-1,7
CTTTGTCGAATGCTCC-1,7
GAAACAGATGACCACC-1,4
GAAACAGCCATGCAGT-1,3
GAAACATAGGAAACAG-1,7
GAAACCATGGTGCGCT-1,3
GAAACCGAATTACCTT-1,6
GAAACCTATACAAATG-1,6
GAAACTCGTGCGATGC-1,3
GAAACTCTAATGAAGG-1,3
GAAAGAACAGCGTTAT-1,3
GAAAGCAGTGCACTTT-1,6
GAAAGCCCTTTGGACC-1,5
GAAAGTGACTAACTGC-1,4
GAAATACCTGCTGGCT-1,3
GAAATACTAAACGTTT-1,2
GAAATATCACCATCAG-1,5
GAAATATGCTTGAATG-1,1
GAAATCGCGCGCAACT-1,4
GAAATGGCGGTGTTAG-1,5
GAAATGGGATGTAAAC-1,1
GAAATTAGCACGGATA-1,3
GAAATTCACATCGCTG-1,3
GAAATTGTCTCTATAA-1,6
GAACAACTGGGATGAA-1,4
GAACACACATCAACCA-1,5
GAACAGATTACTAAAT-1,6
GAACCATCTGGGAGAC-1,1
GAACCCTCTGTGTTCT-1,6
GAACCTCGACCTACAC-1,1
GAACCTTTAACGATCC-1,5
GAACGACCGAATGATA-1,4
GAACGCGGGTCACACG-1,2
GAACGTCTCATGGTCG-1,5
GAACGTTAGGAAGACG-1,4
GAACTGTGGAGAGACA-1,6
GAACTTAGCGCCCGGT-1,1
GAAGAAACGATATTGT-1,7
GAAGAACGGTGCAGGT-1,2
GAAGACTTCAATGCCG-1,1
GAAGCAAGGCAATGTT-1,2
GAAGCCACTGATTATG-1,6
GAAGCCTGCACATTCC-1,6
GAAGCGTGAGGAATTT-1,6
GAAGCTCGGACCCGTC-1,7
GAAGCTTGCTGACCGC-1,5
GAAGGAGTCGAGTGCG-1,6
GAAGGGCATAACCATG-1,1
GAAGTCAGTTGCACTA-1,6
GAAGTCTCCCTAGCGA-1,4
GAAGTGATTTATCGTG-1,6
GAAGTGCTGGATAGCT-1,3
GAAGTTTCCACTCAAT-1,6
GAATAGACGCGACCCA-1,4
GAATAGCCCTGCGGTC-1,2
GAATAGTGCTCGATTA-1,7
GAATATTCGGAGTCCC-1,3
GAATCGACATGGTCAC-1,5
GAATCGCCGGACACGG-1,1
GAATCTATACTCGGAC-1,1
GAATCTGAACATTCTC-1,6
GAATGCCGAAATGACC-1,3
GAATGCGAATCGGTTC-1,6
GAATGTATGGCAGGTC-1,3
GAATGTGGTCCGGATT-1,5
GAATGTTGGGTAATCT-1,5
GAATTATAGTGAAAGG-1,6
GAATTCACCCGGGTGT-1,6
GAATTTCTCGCTGCAG-1,5
GACAAACATATGCAGG-1,3
GACAACGACCATTGAA-1,5
GACAACGCAGCTTACG-1,4
GACAAGAGATGAGATT-1,2
GACACAAGGGAAGAAA-1,5
GACACCCAAAGACGCG-1,1
GACACGAGTTAGAGGA-1,3
GACACTGAGTTCAGTG-1,6
GACACTGGAACCCGAT-1,2
GACAGATTTCTGGCTC-1,6
GACAGCCAGACCTGAC-1,5
GACAGGCACACACTAT-1,5
GACATCCGTCGAACTG-1,5
GACATCGATTTATAAC-1,7
GACCAAACGTTGACTG-1,3
GACCAGAGCCCTGTAG-1,5
GACCAGGTCATTCATA-1,2
GACCCAATTATGATAC-1,7
GACCCGTCGCCGGCTA-1,3
GACCGACGTGAAAGCA-1,3
GACCGACTGAAGCGTC-1,5
GACCGATTAAATATGT-1,7
GACCGCGTCTGACGTG-1,2
GACCGTCAGGTCGTGA-1,3
GACCGTGCTGACGGTG-1,6
GACCTTCCACGTCTAC-1,5
GACGACGATCCGCGTT-1,6
GACGAGGCTAATAAAC-1,3
GACGCATACCCGTCGG-1,7
GACGCCGTAAAGGCTA-1,6
GACGCCTGTTGCAGGG-1,1
GACGCTTGCTTCTAAA-1,6
GACGGACCGCGTTCCT-1,1
GACGGGATGTCTTATG-1,1
GACGGGTTGGCCCGTA-1,6
GACGGTCAATAGAAGC-1,3
GACGTGTAGGGATTAT-1,5
GACTAACACAGCACCT-1,3
GACTAAGATCATGCAC-1,5
GACTAAGTAGGCTCAC-1,5
GACTACAAAGCGGTGG-1,6
GACTACAATTGCTCGT-1,3
GACTAGGCCGTTAGGT-1,5
GACTCACCCACGTGAG-1,3
GACTCCCAGAATAAGG-1,2
GACTCCTTCCAATTGA-1,7
GACTCGCGGGAATGAC-1,3
GACTGATTGGTCACAA-1,2
GACTGCAAATCGAGCT-1,5
GACTGCACCAGCCCAG-1,5
GACTGCGGCACGTGTA-1,4
GACTGCTGGTGAGAAA-1,7
GACTGGGCGCCGCAAC-1,3
GAGACTGATGGGTAGA-1,5
GAGACTTCGCGACCGA-1,6
GAGAGGGCGCGAGGTT-1,6
GAGAGGTGCATTCTGG-1,6
GAGAGTCTCGGGAGAG-1,7
GAGATCTGCTTGGCAT-1,6
GAGATCTGTCACTCCG-1,5
GAGATCTTCCATGACA-1,6
GAGATGGGAGTCGACA-1,6
GAGCACCTGTGTCCAG-1,5
GAGCATCAACAACTTG-1,7
GAGCATCATCCCTGGG-1,2
GAGCCACGGTAGTAGG-1,1
GAGCCAGCTACCTGTG-1,4
GAGCCGAGCGTTTATT-1,2
GAGCGAGGGAGTACCG-1,3
GAGCGCAAATACTCCG-1,3
GAGCGCGCACGAGTAG-1,4
GAGCGCTGTTAGGTAA-1,7
GAGCGGAATGCGGTGT-1,6
GAGCTAAGGGCATATC-1,5
GAGCTCTCGGACCTAA-1,2
GAGGAATGGAGAGGTT-1,4
GAGGAGATCCTCATGC-1,1
GAGGAGTAATTCCTAC-1,1
GAGGATAAACAGTGCT-1,2
GAGGCCCGACTCCGCA-1,7
GAGGCCTGTTGATACA-1,3
GAGGCTATCAAAGTCG-1,5
GAGGGAGTCAGATCGC-1,7
GAGGGCATCGCGTATC-1,1
GAGGGCGCAGCTCTGC-1,5
GAGGGTAGTAACAAAG-1,7
GAGGTACATCCATCTT-1,3
GAGGTACGCGTGTCCC-1,6
GAGGTCCCAAAGATCT-1,3
GAGGTCTTAGTGGGTC-1,1
GAGTAAACCGGAAAGT-1,2
GAGTAAGGCCACGGGA-1,6
GAGTACGGGTATACAA-1,2
GAGTAGATACTAGTTG-1,6
GAGTATACCCTAATCA-1,7
GAGTATGCCCGCCTTG-1,7
GAGTATGCGCGTGCAT-1,6
GAGTCAGACCAGAATC-1,7
GAGTCCGCTTACCGGA-1,6
GAGTCGACAGACCCTC-1,4
GAGTGTCAACCAGAAA-1,4
GAGTGTGCGGTACCCA-1,5
GAGTTGATGGCAATTT-1,7
GAGTTGTCACCAGTCT-1,7
GATAAATCGGTGGATG-1,2
GATAACTCGCACTGTG-1,4
GATAAGGCAGATGCAA-1,1
GATACGATGGGAGTCA-1,6
GATAGAACCCGCTAGG-1,6
GATAGGTAACGTTGAC-1,6
GATAGTGCGAGTAAGT-1,7
GATATCAGTATGTATC-1,1
GATATCTCATGCAATA-1,3
GATATGAGACACTAAC-1,5
GATATGCGGTAGCCAA-1,3
GATATGGATTACGCGG-1,4
GATATTGAGATTGGCG-1,3
GATATTTCCTACATGG-1,3
GATCAACATAAAGGGA-1,7
GATCATTCCAAACATT-1,6
GATCCCTTTATACTGC-1,5
GATCCGGGAATTAACA-1,6
GATCCTAAATCGGGAC-1,3
GATCCTCGACACTGGC-1,7
GATCCTCTTGCGCTTA-1,3
GATCGACACTATCTGA-1,5
GATCGCGGGCTCTCCA-1,6
GATCGCTACCCGATTT-1,3
GATCGCTATATCTCAG-1,7
GATCGCTGTGGTGCGT-1,7
GATCGGATAGAACCAT-1,5
GATCGGCGATAAGTCG-1,2
GATCGGTGGCCATAAC-1,5
GATCGTGACTGATATC-1,6
GATCTCGACGCTGTGG-1,2
GATCTGCTATCTAAGG-1,6
GATCTTGGAGGGCATA-1,6
GATCTTTGCAGGGTAT-1,5
GATGACAAGTAGGGCA-1,7
GATGACGATGATCGCG-1,1
GATGAGGAACCTTCGG-1,5
GATGATTTGAAACTGG-1,1
GATGCCACACTACAGC-1,4
GATGCCAGCAGAAGGC-1,3
GATGCCTTCTGCGGCA-1,7
GATGCGTCCTGCATTC-1,6
GATGCTACAAGCGCCT-1,3
GATGCTACCTTCGATG-1,6
GATGCTGTATTTCATC-1,6
GATGGCGCACACATTA-1,3
GATGGTGCCCTAGGCA-1,3
GATGTAACGAACCACC-1,7
GATGTCCGGATCACAT-1,1
GATGTCGGTCAACTGC-1,3
GATGTGTTGTCACAAG-1,3
GATGTTCAATCCACGA-1,6
GATGTTTGTGCGAGAT-1,3
GATTAACCGAAAGCCC-1,4
GATTAATCCTGGCTCA-1,1
GATTACTGAATTTGGG-1,6
GATTCCCTTGTCGCAG-1,5
GATTCCGCGTTTCCGT-1,3
GATTCCTATACGGCGC-1,3
GATTCGACGGTTCACG-1,6
GATTGACACTCTGCTC-1,2
GATTGCTCCAGTTGCA-1,7
GATTGGGAAAGGTTGT-1,5
GCAAACCCTACATTAT-1,5
GCAAACCTTGGCCATA-1,6
GCAAACGTAAGCGACC-1,7
GCAAACGTCGCCAGGT-1,2
GCAAAGGGCGTTAGCC-1,7
GCAAATATTACGCTTT-1,6
GCAACACACTAGAACT-1,6
GCAACAGCAGTATGCG-1,3
GCAACCACCAGACCGG-1,3
GCAACCACGGCCGCGT-1,6
GCAACGGCTAGTTATG-1,2
GCAAGAATTCCTTGGC-1,6
GCAAGATGTGTTCGCG-1,1
GCAAGTGCACAGAGAA-1,4
GCAAGTGTAAAGCATG-1,7
GCACAAACCCTAGATG-1,7
GCACAAACGAGGCGTG-1,3
GCACAACCTCGGGCGT-1,7
GCACAAGTGTCGGAAG-1,3
GCACACACTGGTAGCC-1,3
GCACACGCCCATGGTC-1,4
GCACAGCACGGGCCGA-1,7
GCACGCCTACTTAGAT-1,7
GCACGTGGTTTACTTA-1,3
GCACTAGTCGCGCTAT-1,2
GCACTCCCACAGTCCC-1,1
GCACTGCCTACCTTTA-1,6
GCACTGTGCAAATGTA-1,1
GCAGACCCAGCACGTA-1,3
GCAGATCCATAAGACT-1,5
GCAGATTAGGGATATC-1,6
GCAGCACACAGCCCAG-1,6
GCAGCCTATATCACAT-1,3
GCAGGAACTTAGATCT-1,7
GCAGGACTATAGAATA-1,5
GCAGGTAGAGTATGGT-1,3
GCAGTGTGGCTATAGG-1,4
GCATACGAGGTCTTTA-1,5
GCATAGAGCACTCAGG-1,6
GCATCCCTAACTTTGA-1,3
GCATCGGCCGTGTAGG-1,3
GCATGAGGGACGCGGC-1,5
GCATGCTAATAACGAT-1,3
GCATTCAAGGCAACGC-1,3
GCATTCGAAATGAACA-1,4
GCATTGTAATTCATAT-1,6
GCATTTCCAAGGCTCC-1,3
GCCAACCATTTCCGGA-1,3
GCCAAGAATACTTCTG-1,6
GCCAATAGGGCATCTC-1,3
GCCACAATTTAAGGAC-1,6
GCCACTCAGAGCGCGA-1,3
GCCAGGAGTAACCGAT-1,3
GCCAGGCGTTCGCATG-1,3
GCCATATTGCACACAG-1,3
GCCATCGAGCTGCGTG-1,7
GCCATCGATGCTGCAT-1,3
GCCATTAGCCTCAAAC-1,7
GCCCACCAAGGCTGTC-1,1
GCCCAGTTGGTATGCC-1,4
GCCCATGGGTGCAATG-1,1
GCCCGACTTCTTCCCG-1,6
GCCCGAGAGTCTAAAT-1,7
GCCCGATCTGTGGTCG-1,6
GCCCGATGCCCAGTTC-1,1
GCCCGCGCGTAAACGG-1,7
GCCCGCGCGTTTGACA-1,3
GCCCGTAATACCTTCT-1,5
GCCCTAGCCGTCGCGA-1,7
GCCCTGAGGATGGGCT-1,5
GCCGAAATTCCTACGT-1,6
GCCGACCCACGACTGC-1,7
GCCGATTGGCCAAGCT-1,6
GCCGCATTAGTCCGGC-1,5
GCCGCTAGATACGCAG-1,1
GCCGCTTGTGAGAAAC-1,6
GCCGGAAACACATCTT-1,1
GCCGGGTTAGGGTCGC-1,6
GCCGGTCGTATCTCTC-1,6
GCCGGTTTGGGCGGAT-1,1
GCCGTCGGTTTCGGGC-1,7
GCCGTGGAAGAAATGT-1,2
GCCTACGTTCTGTGCA-1,5
GCCTAGCGATCTGACC-1,3
GCCTATAGTGTCAGGG-1,4
GCCTATTCCGATATAG-1,3
GCCTATTTGCTACACA-1,1
GCCTCATCTGGAAATA-1,3
GCCTCCGACAATTCAC-1,3
GCCTCTATACATAGCA-1,5
GCCTTCAGCCCTACCG-1,3
GCCTTGTATATGCAGT-1,2
GCCTTTGTCAGTGGAC-1,7
GCGAAACGATCGGGAG-1,3
GCGAAACTTAACTGGA-1,5
GCGAAGAATCTGACGG-1,4
GCGAAGCCATACCCGT-1,6
GCGACATGTAAACATC-1,3
GCGACCCAACCATCTG-1,7
GCGACGATAGTTGTAC-1,6
GCGAGAAACGGGAGTT-1,1
GCGAGAGTTGCGTCCA-1,3
GCGAGCGCATGCTCCC-1,3
GCGAGGCCCGAGCAGA-1,6
GCGAGTTCTGCAAAGA-1,6
GCGATTCTGGAAGCAG-1,3
GCGATTGTTAACGTTA-1,5
GCGCAAATATATTCAA-1,7
GCGCAAGAGCGCGCTG-1,3
GCGCATCCAGTCAGCA-1,4
GCGCCGTTCCACGATA-1,6
GCGCCTCCCACTCCGA-1,3
GCGCGATGGGTCAAGT-1,1
GCGCGGTCTAGTAACT-1,6
GCGCGTCATTGGTACA-1,5
GCGCTAAGTATGCATG-1,2
GCGCTAATTGAATAGA-1,6
GCGCTATGCCGAGGCA-1,6
GCGCTGATCCAGACTC-1,3
GCGCTGCTTTGCATTT-1,4
GCGCTTAAATAATTGG-1,4
GCGGACCGCGTTGTGG-1,7
GCGGAGAAACTTCGCA-1,7
GCGGAGAGGGAGAACG-1,5
GCGGCAAAGTATTGCC-1,7
GCGGCTCTGACGTACC-1,6
GCGGGAACCAGGCCCT-1,3
GCGGGCGAGCCTTACC-1,6
GCGGTAACCCAAATGA-1,1
GCGGTCCCTAGACGCA-1,3
GCGGTGAACTGCGCTC-1,3
GCGGTTCCCTATCATG-1,6
GCGTAAATGGCCATAA-1,3
GCGTCCAGCTCGTGGC-1,1
GCGTCCCTAAGACATA-1,7
GCGTCGAAATGTCGGT-1,4
GCGTCGCCAGGGTGAT-1,6
GCGTCTCTGCATTGGG-1,6
GCGTGGTACTGGGTTA-1,4
GCGTGTATGTCGTATT-1,1
GCGTTATATTTGGAAC-1,4
GCGTTCGGAGACCGGG-1,3
GCTAAACCTGAGGTGA-1,3
GCTAACTGAAGTCTGA-1,4
GCTAAGTAAAGGCGAT-1,4
GCTAAGTAGTTTCTCT-1,5
GCTAATACCGAATGCC-1,4
GCTACAATCGAGGATA-1,3
GCTACAGTACGGACCG-1,5
GCTACGACTTATTGGG-1,6
GCTACTATAGTAGAGT-1,3
GCTAGACCGTCTACTG-1,3
GCTAGAGTAGAGATGT-1,3
GCTAGCAGGGAGTGGG-1,3
GCTAGCGATAGGTCTT-1,7
GCTAGCTTGAATAGCT-1,7
GCTAGGCACCACGGAG-1,5
GCTAGTAGAGCTTGTA-1,6
GCTAGTTTCATTGAGG-1,3
GCTATACGTCTCGGAC-1,5
GCTATCATACTCATGG-1,5
GCTATCGCGGCGCAAC-1,3
GCTCAACCTCTTAGAG-1,1
GCTCAATCCGTTTATT-1,7
GCTCAATGTAATACCG-1,6
GCTCATTACTGCATGT-1,3
GCTCCATGCAAAGCAA-1,6
GCTCCCAGTCGGTCCA-1,3
GCTCCGCTCGCTTCAG-1,3
GCTCCTGACATACTGG-1,7
GCTCGCGGTTCCGCTC-1,3
GCTCGCTCATGTCCAA-1,3
GCTCGGAATTTAAAGC-1,4
GCTCTAAACCCTGACG-1,5
GCTCTATGTTACGTGC-1,4
GCTCTCGGGTACCGAA-1,5
GCTCTTTCCGCTAGTG-1,6
GCTGAATCTTCCAATC-1,7
GCTGAGGCGTGAGTAT-1,6
GCTGCACGGTTTCTTA-1,6
GCTGCTAAGTAGTCGA-1,6
GCTGCTACTGCGTAGC-1,5
GCTGCTCTCCGGACAC-1,6
GCTGGACCCAAAGTGG-1,2
GCTGGCATATTCACCT-1,5
GCTGGCGGCGCATGCT-1,6
GCTGGTTTAGGCCATA-1,7
GCTGTATTACTGGCCC-1,6
GCTGTCTGTGATCGAC-1,2
GCTGTTGCTACCGAAC-1,4
GCTTAATGTAACTAAC-1,5
GCTTATGAAGCAGGAA-1,5
GCTTCCAGCTTAGATT-1,1
GCTTCCGTCCCTAGAC-1,5
GCTTCGACGTTCAATC-1,7
GCTTGATGATAATCAG-1,3
GCTTGGATCGATTAGG-1,3
GCTTTCAGAGGAGGTG-1,4
GGAAACTAAATGGGCC-1,3
GGAAAGTCTTGATTGT-1,6
GGAAAGTGCCCATGCC-1,3
GGAACCGTGTAAATTG-1,6
GGAACCTTGACTCTGC-1,7
GGAACGGCCTGCAGCC-1,3
GGAACTTTGGCGATTA-1,3
GGAAGCTCGCTTACAG-1,3
GGAATAACCTCAAGAA-1,2
GGAATGCGCTAGCGTG-1,5
GGACACAAGTTTACAC-1,3
GGACCAACAGGATAAC-1,6
GGACCTACGGTAACGT-1,2
GGACCTCTAGGCCGCC-1,7
GGACGGCTTGCGCAAC-1,1
GGACTCGACAGCGCAT-1,6
GGACTCGTGAGTGGTC-1,7
GGAGAAGTCATTGGCA-1,4
GGAGACCATCTACATA-1,6
GGAGACGACACCTTTG-1,6
GGAGCAACATTTCAAG-1,3
GGAGCACCAAGAACTA-1,5
GGAGCGAGGCCTACTT-1,6
GGAGGATTGAAAGGAG-1,3
GGAGGCCGAAGTCGTC-1,2
GGAGGGCTTGGTTGGC-1,5
GGAGTGCCGCCCTGGA-1,3
GGATACTCATGAATTG-1,1
GGATCAAAGGACGAGG-1,1
GGATCATCCCGTACGC-1,3
GGATCCCTACCAGCTA-1,1
GGATCCGGAATATACT-1,5
GGATCTTACTGCCCTT-1,7
GGATCTTGACTCAACC-1,7
GGATGAAGATCGCTGA-1,3
GGATGACGCGAGTTTA-1,6
GGATGCTGGCGTTCCT-1,5
GGATGTCCTTACCGCA-1,4
GGATTAAGCTAAGGTC-1,3
GGATTCAGTACGGTGG-1,3
GGATTCCGCTATACCC-1,4
GGATTGCTGTGACTCC-1,4
GGATTTCACTTCTATA-1,5
GGCAAAGGCGCCAATA-1,7
GGCAAATTACTTTACT-1,6
GGCAAGCCCATAGTGG-1,6
GGCAAGGCGAAATAGC-1,6
GGCAATAGTCAATGAG-1,6
GGCACTCCACTGGGCA-1,6
GGCAGCAAACCTATGC-1,3
GGCAGCGGTAATCCTA-1,3
GGCATACAGGTAGCGG-1,5
GGCATATCGGTTCTGC-1,3
GGCATCAACGAGCACG-1,1
GGCCACAAGCGATGGC-1,1
GGCCCTCACCCACTTA-1,5
GGCCGAGACTCTGGTG-1,7
GGCCGGCGTCTGCTAT-1,5
GGCCGTTTGGGTTTCA-1,7
GGCCTGCTCTGATGTT-1,1
GGCCTGCTTCTCCCGA-1,2
GGCGAAATCTAACTTG-1,5
GGCGAGCATCGAGGAC-1,1
GGCGAGCGAAACGGCA-1,1
GGCGCAGGACATCTTC-1,5
GGCGCATGAATTGATG-1,6
GGCGCGGAGATCTTTC-1,4
GGCGCGTTCGAGTTTA-1,6
GGCGCTCCTCATCAAT-1,2
GGCGCTTCATTCCCTG-1,5
GGCGGAGTAATATTAG-1,5
GGCGGTAGGATCATTG-1,6
GGCGGTTTGCCGGTGC-1,1
GGCGTACCCTATATAA-1,1
GGCGTAGGGAAAGCTG-1,4
GGCGTCCTATCCGCTG-1,5
GGCTAAAGGGCGGGTC-1,3
GGCTACTATACACTCC-1,7
GGCTATTAAGTTGTAT-1,5
GGCTCCTCCACCTGTT-1,7
GGCTCGCGTTGAGGTA-1,4
GGCTCGTGCCACCAGC-1,3
GGCTCTGCTCCAACGC-1,5
GGCTGAAATAGCAAAG-1,5
GGCTGAGCATCGTAAG-1,2
GGCTGGCTAGCTTAAA-1,1
GGCTTTCAATAAGGGT-1,6
GGGAACCACCTGTTTC-1,1
GGGAACGGGAGGTTAG-1,6
GGGAACGGTTTCAGAT-1,7
GGGAAGACGGTCTGTC-1,5
GGGAAGGGCTTTCTCA-1,3
GGGAATGAGCCCTCAC-1,2
GGGACAGAGTTACTCC-1,7
GGGACCCGTATATCTT-1,6
GGGACTGCATAGATAG-1,6
GGGAGAACTCACAGTA-1,6
GGGAGCGACCGTAGTG-1,3
GGGAGGATGCCCGAAA-1,6
GGGAGTAATGGCTGGC-1,1
GGGAGTTAATGAGGCG-1,6
GGGATGGTCGTAACCG-1,6
GGGATTTACCGCACCT-1,5
GGGCAACCGCACGTGC-1,7
GGGCACGTAGTACTGT-1,6
GGGCAGAGCAATCGTT-1,6
GGGCAGGATTTCTGTG-1,7
GGGCCATTCGTGCTGG-1,7
GGGCCCGTCTTAAACA-1,6
GGGCCCTACGAAAGGG-1,5
GGGCCGGCCGAAGTAC-1,5
GGGCCTAAATGGGCTA-1,6
GGGCGAATTTCTCCAC-1,1
GGGCGATATGTGTGAA-1,5
GGGCGGCAAATGAATT-1,6
GGGCGGGTTCCCTACG-1,6
GGGCGGTCCTATTGTC-1,1
GGGCGTACATTTATAT-1,5
GGGCGTCACCACGTAA-1,6
GGGCGTCCACTGGCTC-1,3
GGGCGTGGTTTCCCAG-1,5
GGGCGTTTACATTCAT-1,7
GGGCTATGATCGATGG-1,6
GGGCTCATCGAACCCA-1,4
GGGCTGCCTAGGGCGA-1,6
GGGCTGGTTAGTCGCG-1,5
GGGTAATGCTGTGTTT-1,1
GGGTACCCACGGTCCT-1,1
GGGTACTTCATGAACT-1,6
GGGTATGTATGCACTT-1,4
GGGTATTCTAGCAAAC-1,7
GGGTCACCGTGACGGT-1,6
GGGTCAGGAGCTAGAT-1,6
GGGTCATGCGTACCAT-1,3
GGGTCCTTGGAAGAAG-1,7
GGGTCGTGGCAAGTGT-1,3
GGGTGACACCTTAACT-1,6
GGGTGCATATGAAAGC-1,2
GGGTGGTCCAGCCTGT-1,3
GGGTGTTTCAGCTATG-1,4
GGGTTAACATTTGAGT-1,7
GGGTTCAGACGAACAA-1,2
GGGTTTAGGATAGGAT-1,3
GGTAAATGTGCGTTAC-1,3
GGTAACCGGGAGGATA-1,7
GGTAACTATGTATCTG-1,2
GGTACAAACATGCTAT-1,6
GGTACATCTGGGACGA-1,5
GGTACCATTAAGACGG-1,3
GGTAGAAGACCGCCTG-1,6
GGTAGACCGTTGGGCG-1,6
GGTAGTGCTCGCACCA-1,6
GGTATAGTGACACATA-1,3
GGTATTGCCGAGTTTA-1,6
GGTCAAGACTACTTCG-1,3
GGTCAGTGGGTCCCAC-1,6
GGTCCTTCATACGACT-1,1
GGTCGGATAAACGGCG-1,3
GGTCGGCCAGGAGCTT-1,5
GGTCGGTAATTAGACA-1,1
GGTCGGTCGTCCACAG-1,6
GGTCGTAAGCTCGCAC-1,6
GGTCTCCGTCCAGGTT-1,3
GGTCTCTGAATGGACT-1,7
GGTCTGAGAATCTGGA-1,5
GGTCTTGAGCGCTCTT-1,6
GGTGAAACCGGGAATG-1,1
GGTGAAGTACAGGGAT-1,6
GGTGAGATGCAGATAA-1,2
GGTGATAAGGAGCAGT-1,5
GGTGATTTCATCTTGT-1,1
GGTGCAGAGCCTATCG-1,2
GGTGCATAAATGATTA-1,6
GGTGCGGATAAGTGGC-1,3
GGTGCTGATCACAAAG-1,3
GGTGCTGGTACACATT-1,6
GGTGGACTGCTCTGGC-1,5
GGTGTAAATCGATTGT-1,6
GGTGTAGGTAAGTAAA-1,6
GGTGTTCTGTTTCTAC-1,2
GGTTACCACCCTCGGG-1,6
GGTTAGCTATATGTCT-1,5
GGTTAGGCTTGGAGAA-1,5
GGTTAGTTACGGCGCC-1,3
GGTTCCACCCGCTTCT-1,2
GGTTCTACTCGTCTGA-1,3
GGTTGTATCGTGAAAT-1,1
GGTTGTGTAGCCTGGC-1,4
GGTTTAATTACCATCG-1,7
GGTTTACAATCTCAAT-1,5
GGTTTAGCCTTTCTTG-1,3
GGTTTCAATCGGTCAG-1,4
GGTTTGAGTGCTGGAA-1,2
GGTTTGTGACCTGAGG-1,3
GTAACATCTAAGATAA-1,2
GTAACTACGTAGACCT-1,7
GTAACTGCCCAAGGAG-1,7
GTAACTTGCGGCAGTC-1,1
GTAAGCGGGCAGTCAG-1,5
GTAAGGATTTGTCGGA-1,3
GTAAGTAACAGTCTGG-1,5
GTAAGTAGGGTATACC-1,4
GTAATAAAGGGCTCCC-1,3
GTAATCTGATTCTTCG-1,7
GTACACTTACCTGAAG-1,6
GTACAGAGGCAAGGGT-1,5
GTACGACGGCGCTGCG-1,1
GTACGAGATTGCGACA-1,5
GTACGCTTCATTGCAC-1,6
GTACGTCACGTATTAA-1,1
GTACGTTTGCCCGTCA-1,6
GTACTAAGATTTGGAG-1,5
GTACTCCCTTATCGCT-1,5
GTACTCCTGGGTATGC-1,3
GTACTGAGGTCGTAAC-1,3
GTACTGCATGAAGCGT-1,1
GTACTGGAGTTAGACC-1,5
GTACTTGGGCACTTCT-1,3
GTAGAAACGGGTGGAG-1,3
GTAGACAACCGATGAA-1,2
GTAGACACGCCTGACT-1,6
GTAGACGTCGTTACAT-1,2
GTAGAGGGAGACAAGT-1,7
GTAGCCAAACATGGGA-1,6
GTAGCGCTGTTGTAGT-1,1
GTAGCGGCTATACACT-1,6
GTAGCTAGTAAGCGCG-1,2
GTAGCTCCGGGAGGCT-1,7
GTAGCTTCCTCTTGTT-1,5
GTAGGTGATCCGTGTA-1,3
GTAGTCGCGGGAATCA-1,5
GTAGTCTACGATATTG-1,5
GTAGTTCGAAGGCGAA-1,7
GTATAGGACTCAGTAG-1,4
GTATAGTGGCCCATGT-1,2
GTATATGTTACGGCGG-1,1
GTATCAAACGTTAGCT-1,3
GTATCAGCTTGGGTTC-1,3
GTATCCTTTGGTAACC-1,3
GTATCTCAGTCTTGAC-1,7
GTATCTCCCTAACTGT-1,1
GTATCTCGGGCGCTTT-1,7
GTATCTTGTTGCTCAC-1,1
GTATCTTTCATAACCA-1,6
GTATGAAATTTCACTC-1,7
GTATGACGTGGGAAAC-1,1
GTATGTGGGTCTAGTT-1,4
GTATTAAGGCGTCTAA-1,3
GTATTCTGAGAAACGA-1,6
GTATTCTTACCGTGCT-1,1
GTCAAAGAAGTGGTGT-1,7
GTCAAAGTTTACATAG-1,1
GTCAACCAGGCCTATA-1,3
GTCAAGCGGACTCGGG-1,5
GTCAATTGTACTGAAG-1,1
GTCACAAAGTTTCCAA-1,3
GTCACCTGTCTATGTC-1,1
GTCACTCTCCAAATCT-1,3
GTCAGAATAGTCTATG-1,5
GTCAGTTGTGCTCGTT-1,3
GTCAGTTTGGTAGTCG-1,4
GTCATGCACCTCCGTT-1,6
GTCATGCGCGAGGGCT-1,3
GTCATGGACATGACTA-1,5
GTCATTAGAGCGAACG-1,6
GTCATTGCATTGACCC-1,4
GTCCAATATTTAGCCT-1,6
GTCCAGGCACGTGTGC-1,7
GTCCATTACTGCTACG-1,3
GTCCCAACGTAAAGTA-1,6
GTCCCGCGACGTTATG-1,4
GTCCGGACCTGAAATT-1,4
GTCCGGCTGAATTGCG-1,5
GTCCGGGTTCACATTA-1,5
GTCCTACAGGCGGCTC-1,2
GTCCTACGAATAGTCT-1,4
GTCCTAGGATACCTTA-1,7
GTCCTTCTAGTGGGTT-1,3
GTCCTTTAATGACTTC-1,1
GTCGAATTTGGGCGCT-1,7
GTCGCCGTTGTGTGTT-1,7
GTCGCGTAACCCGTTG-1,6
GTCGGATATCTCAGAC-1,5
GTCGGATGTAGCGCGC-1,3
GTCGGGAAGCAGAAAC-1,6
GTCGTACCATCTCGGG-1,6
GTCGTATTGGCGTACA-1,3
GTCGTCAATTATAAGG-1,2
GTCGTGTCTGGTCATC-1,3
GTCGTTATTCGCTTAT-1,6
GTCTACTCAATTACAA-1,5
GTCTAGTGAGCCGCTT-1,3
GTCTATCTGAGTTTCT-1,6
GTCTATTGCATGCTCG-1,3
GTCTATTGGTTCCGGT-1,4
GTCTCAAGGCCCGGCT-1,6
GTCTCCGCCTCAATAC-1,6
GTCTCCTGCCAGTATG-1,7
GTCTCGACTAAGTTTG-1,2
GTCTCGATCTGCTTTC-1,4
GTCTCGCCAACACGCC-1,1
GTCTGGGCGGTCGAGA-1,6
GTCTGTAGGTTGAACA-1,1
GTCTTAGTACAGCCGG-1,3
GTCTTGTAGCTATTCA-1,3
GTGAAACGGCGCCACC-1,4
GTGAAACGTGCTCCAC-1,1
GTGAACTCCCATTCGA-1,3
GTGAAGATTTCAAGTG-1,3
GTGAAGCCGTATAGTC-1,2
GTGACAGCTTCCCACT-1,5
GTGACCGCACACTACG-1,4
GTGACGAGGGTGACCC-1,3
GTGACGCAGGTTTCAT-1,5
GTGACTTCAGTAGTGC-1,6
GTGAGATAACCTTATA-1,6
GTGAGCGTGCTGCACT-1,5
GTGAGGACACTTAAGG-1,6
GTGAGGAGCGGTTGAG-1,3
GTGAGTGGTACAACGC-1,6
GTGATCAAGCGTGCAC-1,7
GTGATCACTAACGCCT-1,3
GTGATCATAGATCTGC-1,6
GTGATCCTTGTCATGA-1,4
GTGATGCACAACATCT-1,3
GTGATTCGCCGCTCAA-1,6
GTGCAACAAATGTGGC-1,3
GTGCACCAGCTTCAAC-1,6
GTGCACGAAAGTGACT-1,4
GTGCCATCACACGGTG-1,6
GTGCCCGTTCGGATTC-1,5
GTGCCGCTTCAAAGGT-1,6
GTGCCTCAGTGTACGG-1,3
GTGCGAAATCGAACAC-1,6
GTGCGACAGGGAGTGT-1,3
GTGCGCAGCTTGCTCC-1,1
GTGCGCTTACAAATGA-1,1
GTGCGGGACCATCGGC-1,1
GTGCGGGTCTCCAAAT-1,4
GTGCGTGTATATGAGC-1,5
GTGCTCAAGTACTGTC-1,6
GTGCTTACATCAGCGC-1,2
GTGGAACCTACATGCG-1,3
GTGGACCAACCCGATT-1,6
GTGGACGCATTTGTCC-1,6
GTGGACGTGCTGAGAC-1,3
GTGGAGCGTTTACCGA-1,7
GTGGAGTCGGCGGTTG-1,7
GTGGCAAACAGCGGCA-1,6
GTGGCCGGTTTCTCGG-1,7
GTGGCGGGCCGTAGCT-1,1
GTGGCGGTCCCAGCGT-1,5
GTGGGAAGACTGAATC-1,6
GTGGGCTTAGACACAC-1,5
GTGGTATAGTCTGCCG-1,7
GTGGTCAGCGAAGTAT-1,3
GTGGTGGCCAAGTGAA-1,5
GTGGTTACTTCTTTCG-1,3
GTGGTTTCCGCCTTTC-1,6
GTGTACCTTGGCTACG-1,5
GTGTATATCAGCGGGC-1,5
GTGTCAGTGTACGTGG-1,7
GTGTCCGATAAGGCAT-1,1
GTGTCGTATAGCGTTC-1,5
GTGTGAATAACTTAGG-1,5
GTGTGAGCCGAGGTGC-1,1
GTGTTACTATGCGTCC-1,6
GTTAAAGTAGGACTGG-1,5
GTTAACATCACTTAAA-1,5
GTTAACTATGTTGTCA-1,3
GTTAAGGGTGCGATGT-1,5
GTTAATGTCTATCTTA-1,4
GTTACAATTGGTGACG-1,5
GTTACCTACAACTTGC-1,6
GTTACGAAATCCACGC-1,1
GTTACGGCCCGACTGC-1,1
GTTACTTTGGGCCTAG-1,6
GTTAGAGTGTGCCGCT-1,3
GTTAGCCCATGACATC-1,5
GTTAGCCGTAAATCAA-1,3
GTTAGGCTACCCGTTT-1,7
GTTATAATACGGTGAA-1,3
GTTATATTATCTCCCT-1,6
GTTATCACCTTCTGAA-1,2
GTTATTAAATACGACC-1,2
GTTATTAACGTGGGAG-1,3
GTTCAATCTATGTCAA-1,2
GTTCACAGGAGTCTAG-1,5
GTTCAGTCGCCAAATG-1,6
GTTCATCGTTTGGCTG-1,3
GTTCCAAGACAGCGAC-1,1
GTTCCAGTCTGACCAT-1,3
GTTCCGTCCGCCTGCA-1,6
GTTCGACAATTGTATA-1,7
GTTCGCCATAAGTGCC-1,6
GTTCGCTGAGACGTCT-1,3
GTTCGGATCGGGAACA-1,3
GTTCGGGCGTACCATT-1,3
GTTCGTCTAAAGAACT-1,4
GTTCGTTGCGGACCAG-1,1
GTTCTTCCCTCGATGT-1,3
GTTGAACCGGTTCCAT-1,6
GTTGAGTCCCGCCGGT-1,5
GTTGCACGGAGTTTCG-1,5
GTTGCCCTAACGGGTG-1,7
GTTGCGGACGGTCAGG-1,2
GTTGGATTCAGTGGCT-1,3
GTTGGATTGAGAACAC-1,5
GTTGGATTTGCGTTGG-1,6
GTTGGTCATGCTATCC-1,6
GTTGTAGATTTATGAG-1,6
GTTGTCGTGTTAGTTG-1,3
GTTTACGTTCCATCTG-1,6
GTTTCAAACGAGTTGT-1,3
GTTTCATATCGTCGCT-1,5
GTTTCCTGGAGGGTGA-1,5
GTTTCTGCAGTCTCCC-1,6
GTTTGACCAAATCCTA-1,6
GTTTGAGCGGTTATGT-1,2
GTTTGGCCCAAGTTAT-1,5
GTTTGGCCGCTCAGCG-1,1
GTTTGGGCTTGTGAGC-1,6
GTTTGGGTTTCGCCCG-1,3
GTTTGGTAGGGTCAAC-1,6
GTTTGGTGATCGGTGC-1,7
TAAACCCAGGAGGGCA-1,7
TAAACGTCGTCAATGA-1,2
TAAAGAGCCCGAAACC-1,1
TAAAGCGGTATTTCCA-1,6
TAAAGCGTTAGGAGAA-1,5
TAAAGCTGCAATAGGG-1,3
TAAAGGAGAAACTAGT-1,1
TAAATGAATCCGTTTC-1,3
TAAATGCCGTCTCATG-1,1
TAAATTTAGTAACACC-1,7
TAACAAAGGGAGAAGC-1,3
TAACAATATTTGTTGC-1,4
TAACAGCGTTTGTGCT-1,7
TAACATACAATGTGGG-1,6
TAACATACACGCGATC-1,7
TAACCGCCCGCAGTGC-1,1
TAACCTACCGTCCGAG-1,3
TAACCTAGGGAGTCCA-1,3
TAACGCTTTGAGAGCG-1,4
TAACTATCGAAGGTCC-1,4
TAACTATTACGCCAAA-1,3
TAACTCATCCGCGCGG-1,6
TAACTCCATGGAGGCT-1,3
TAACTGAAATACGCCT-1,7
TAAGAGGGACAGGGAC-1,7
TAAGATTTAGCGGGAG-1,1
TAAGCAGGCGACACGC-1,5
TAAGCGCGAATCAAAT-1,7
TAAGGAACTTGTGGGA-1,3
TAAGGCAACATAAGAT-1,5
TAAGGCATAACATCAA-1,7
TAAGGCCCGTCACCCT-1,6
TAAGGCTGAATCCCTC-1,3
TAAGGGCCTGTCCGAT-1,3
TAAGGGCTGGGAGAGG-1,5
TAAGTAAATGTGCCGC-1,1
TAAGTAACATCTTGAC-1,6
TAAGTCGCCGAGTATC-1,7
TAAGTTGCGACGTAGG-1,3
TAATAAACAAGGAGAT-1,3
TAATACACAGTAGTAT-1,4
TAATACTAGAACAGAC-1,5
TAATAGAACAGAGTTA-1,7
TAATAGGTCACCAGAA-1,7
TAATAGTGACGACCAG-1,5
TAATATTGAAATTCGC-1,3
TAATCGATCCGTACGT-1,4
TAATGAAAGACCCTTG-1,3
TAATTACGTCAGTAGA-1,3
TAATTAGATGGATATG-1,1
TAATTAGGACATCCGT-1,3
TAATTGCGCTGATTAC-1,7
TAATTGGAATCGGGAA-1,2
TACAAATTGCGGAGGT-1,1
TACAACGCACAACTCA-1,6
TACAAGCTGTTCACTG-1,1
TACAAGTCTCGTGCAT-1,5
TACAATGAAACCAGCA-1,1
TACAGAAACGGTGGGC-1,4
TACATAGGCATACACC-1,6
TACATCCCTATCCCTG-1,6
TACATTTCTAACGTGC-1,6
TACCAAATAGCCCAGA-1,6
TACCAATAAAGTACCA-1,5
TACCAGAAGTAGGTTC-1,6
TACCAGCTAGGTTTAA-1,3
TACCAGGAATCCCGTC-1,7
TACCGAATAATTGTAA-1,3
TACCGCGGACTTGCAG-1,3
TACCGGCTCACTGCCC-1,6
TACCGGTCGTTTCCAT-1,6
TACCGTAGGTTAACTA-1,6
TACCGTGCCTCGGACC-1,6
TACCTACTCCCAGTAT-1,6
TACCTCACGCTTGTAC-1,3
TACCTCAGTTGTCTGT-1,6
TACCTCCACACCAATG-1,7
TACCTGCTGCACTGTG-1,4
TACCTTAAGATTTCCC-1,6
TACGAACACGACTTCA-1,6
TACGACGCTTGCTGCG-1,6
TACGACTGCCTCTTAG-1,6
TACGAGAACTTCACGT-1,6
TACGATGTTGATCATC-1,5
TACGCAGTTCTTTCCT-1,6
TACGCCATATTCTAAT-1,6
TACGCCGAGGGTACCC-1,7
TACGCCTCCATTCCGA-1,6
TACGCTATAGAAACCT-1,3
TACGCTCGGTATTGGA-1,3
TACGCTGCTGTGTTAA-1,7
TACGGAAGCCAAACCA-1,5
TACGGGATGCTAGCAG-1,4
TACGTAAAGCGGAGTG-1,3
TACGTACTAGTGCTGA-1,7
TACGTGCACTATGCTG-1,3
TACGTTTACCGGCAAT-1,6
TACTATGGTTCCTCAG-1,7
TACTCCTCTAGTTGAC-1,7
TACTCGGCACGCCGGG-1,5
TACTCTCCGAACAAAT-1,4
TACTCTTACTTTACTG-1,2
TACTCTTTCGTCTTCA-1,7
TACTGAACAGATTTAG-1,7
TACTGAGGGAAGAAAG-1,7
TACTGCAATCAATTAC-1,3
TACTGGACAGCTCGGC-1,5
TACTTGTTAGTAGTCC-1,5
TACTTTACTGAGCCGG-1,4
TACTTTCCGCACGCCA-1,6
TAGAAACCACTAAGTA-1,3
TAGAAAGGTGGCGCTA-1,5
TAGAAATTCACGTATA-1,1
TAGAATAGCCGATGAA-1,3
TAGAATTAAGGGCAAC-1,3
TAGACGAAACGCCAAT-1,5
TAGACGCCCGTACCGG-1,5
TAGACTACCTAGCGTT-1,3
TAGACTCAGTTGGCCT-1,7
TAGAGATCATGCAACT-1,6
TAGAGCTACGAAGAAC-1,3
TAGAGGTTCTACTTGT-1,3
TAGAGTCTAAGCGAAC-1,5
TAGATATGGACTGGAA-1,6
TAGATCCGAAGTCGCA-1,3
TAGATGGTTCCTTACT-1,3
TAGATTCAAAGTGCGG-1,7
TAGATTCCTGGTTATT-1,5
TAGCAACCTGTCACAA-1,3
TAGCAGTATGACTAAA-1,3
TAGCCAGAGGGTCCGG-1,1
TAGCCATTTCAAAGTC-1,5
TAGCCGGCGGTCAGCG-1,5
TAGCGTCCCTCGATTG-1,3
TAGCGTCCGGTGTGGT-1,5
TAGCGTTGGGTCTTAC-1,6
TAGCTAAGTCCGGGAG-1,5
TAGCTAGAAGGCATGA-1,6
TAGCTAGTGATGATGG-1,7
TAGCTCGCCTGATAAC-1,6
TAGCTGATGTGAAGCG-1,1
TAGGAACAGCCTCCAG-1,3
TAGGCATGTTACGCCA-1,4
TAGGCGATGAGGTCTC-1,7
TAGGCGGCTGCAAAGA-1,7
TAGGCTAAAGTGGCAC-1,3
TAGGGAGCTTGGGATG-1,4
TAGGGTGTTTCAAGAG-1,5
TAGGTCCAAGTAAGGA-1,4
TAGGTCGCCGGAACTG-1,3
TAGGTGACGATAACCT-1,5
TAGGTGAGCCCTACTC-1,5
TAGGTGCTCGCCTAGC-1,5
TAGGTGTTCCACAGAT-1,6
TAGGTTCGAGTTCGTC-1,6
TAGGTTCTGCTGAGAA-1,6
TAGTACCACAACTTTC-1,7
TAGTACCTTAGTGGTC-1,3
TAGTAGCTTATACCAG-1,7
TAGTCCCGGAGACCAC-1,6
TAGTCCGCAGAGAATG-1,6
TAGTCCGTATGCATAA-1,1
TAGTCCTGCACTAAGC-1,7
TAGTCGATCACGGGTT-1,3
TAGTCGGGATTCTTCG-1,1
TAGTCTAACAACGAGA-1,6
TAGTCTGTGACGTTGC-1,3
TAGTCTTTCCGAATTG-1,2
TAGTGAGAAGTGGTTG-1,1
TAGTGCCCTCCAGAGT-1,6
TAGTGCTTGAATCCTT-1,1
TAGTGGAACTCATACA-1,2
TAGTGTCAGAAACGGC-1,3
TAGTTAAGATAGGATA-1,3
TAGTTTATTCTTGCTT-1,3
TATAAATCCACAAGCT-1,3
TATAAGTGAGGATAGC-1,3
TATACACAGACGCCTT-1,6
TATACACGCAAAGTAT-1,3
TATACGCGTCATCACT-1,6
TATACTCATGCGGCAA-1,2
TATAGAGTCGCTTGAA-1,7
TATAGATGGTCGCAGT-1,3
TATAGCGCACGTTATC-1,1
TATAGGGTACTCATGA-1,5
TATAGTTAGGTGTACT-1,7
TATATAGGGCTTTACG-1,7
TATATATCGAGAAATG-1,7
TATATCAAAGTGATCT-1,7
TATATCCCTGGGAGGA-1,3
TATATTACAAATGTCG-1,2
TATATTCGCGTCGATA-1,3
TATCACAGCACGGGCA-1,1
TATCACCATGTAAAGT-1,2
TATCACCCAACCGACC-1,3
TATCACTTCGAGTAAC-1,3
TATCAGTGGCGTAGTC-1,7
TATCCAATTGGTTATC-1,5
TATCCATATCATGCGA-1,3
TATCCATCTCGGTTAG-1,7
TATCCGCACCGTCGGG-1,6
TATCCTATCAACTGGT-1,6
TATCCTGCATGGGAAT-1,3
TATCGATCTATGCATA-1,4
TATCGATGATTAAACG-1,5
TATCTACAGAGGTAAT-1,4
TATCTACCACAGCGGG-1,6
TATCTAGCCTAAAGGA-1,4
TATCTGAGCCGATATT-1,7
TATCTTGCAATACAAC-1,7
TATGAAGAATTAAGGT-1,1
TATGAAGACAGGTGCG-1,4
TATGATAAATCTAACG-1,3
TATGATCCGGCACGCC-1,2
TATGATCTTCTCTTTA-1,3
TATGATTCTGCTTGGT-1,1
TATGCTCCCTACTTAC-1,5
TATGGAGTTTCTCGTT-1,1
TATGGATGTGCTACGC-1,5
TATGGCCCGGCCTCGC-1,5
TATGGGACCGAGCAGG-1,6
TATGGGTACGTATCGT-1,6
TATGGTCTGAGTAACA-1,6
TATGGTTAGTGGGAGA-1,3
TATGTAAAGTGCTTAA-1,7
TATGTAGAAACCCGGC-1,7
TATGTCAAGACCGACT-1,3
TATGTCTCATTGTGCC-1,5
TATTAACACCAAAGCA-1,7
TATTAACCTGACCGCG-1,7
TATTACCATCCTGCTT-1,4
TATTATGTTTGCCTGC-1,7
TATTCAATTCTAATCC-1,6
TATTCCACTCAGCTCG-1,6
TATTCCGAGCTGTTAT-1,5
TATTCCGGCAGTCCTA-1,2
TATTCCTCCGCCCACT-1,6
TATTCGTGCCAGAATA-1,6
TATTTAGTCTAGATCG-1,3
TATTTATACCGAGTAG-1,3
TATTTGATTTGCACAG-1,2
TATTTGTTACCCTTTA-1,5
TCAAACAACCGCGTCG-1,5
TCAAACTTAGATTGTT-1,6
TCAAAGTCACGGCGTC-1,7
TCAAATTGTTGTGCCG-1,5
TCAAATTTGAGACTCA-1,6
TCAACAAAGATAATTC-1,7
TCAACACATTGGGTAA-1,1
TCAACATAGCGCCCTA-1,7
TCAACATCGACCGAGA-1,6
TCAACCATGTTCGGGC-1,5
TCAACGAGGAGACAAA-1,6
TCAACGCAGGAAATAA-1,6
TCAACGCGACCGGCAG-1,5
TCAACTAACGTATAAC-1,4
TCAACTGCAGAGTCAG-1,3
TCAAGAAATACTAGCT-1,3
TCAAGCGCGGACGGTA-1,2
TCAAGGTTACTACACC-1,3
TCAATACGCCGTCATG-1,6
TCACAAACCGAGGTAC-1,3
TCACAGCAAACTCGAA-1,6
TCACAGGAGAATAAGA-1,7
TCACAGGGAATCGCAA-1,5
TCACAGGTTATTGGGC-1,5
TCACATCTTATCTGAT-1,4
TCACCCTCTTAAGATT-1,6
TCACCGCTCGGCACTC-1,4
TCACGATGTCCGTGGA-1,7
TCACGCATTGTAGATC-1,5
TCACGGCCCAAGAGAG-1,7
TCACGGTCATCGCACA-1,5
TCACGTGCCCGATTCA-1,6
TCACTACGACCAATGC-1,3
TCACTATCGTGCAATC-1,1
TCACTCAGCGCATTAG-1,1
TCACTCGTGCAACGGC-1,3
TCACTCTTCGTCTGTC-1,1
TCAGAACCTCCACAGG-1,3
TCAGACGCTATAGAAG-1,6
TCAGCAAATGCATCTC-1,6
TCAGCAGTAGGCCCTG-1,7
TCAGCCAATCCGTAAA-1,3
TCAGGGCGCAAACTCG-1,3
TCAGGGTGCACGAAAC-1,3
TCAGGGTGTAACGTAA-1,5
TCAGGTTCTTTGAGAA-1,5
TCAGTACTGACCCGCG-1,4
TCAGTAGGGACTATAA-1,6
TCAGTGTATACGTCAT-1,7
TCAGTTACGGAATGAT-1,2
TCATACTTACAGATCC-1,3
TCATATGAGCTTTGTT-1,6
TCATCACTCGAGCTCG-1,3
TCATCCCAGAGGGTGG-1,3
TCATCCTCAGCTGCTT-1,3
TCATCGATGGTCCCAA-1,7
TCATGCAGGTTCTCAT-1,3
TCATTTAAGTCTCCGA-1,3
TCATTTAGAAGTGTGA-1,3
TCCAACTCAGCTATCT-1,3
TCCAACTTTAAATTCT-1,6
TCCAAGCCTAGACACA-1,5
TCCAATAAAGGCTACC-1,6
TCCACAATGGTTTACG-1,5
TCCACATCGTATATTG-1,6
TCCACCTCTAGCCTTT-1,6
TCCACTTTATCTAGGT-1,5
TCCAGAGCACCGGTTC-1,6
TCCAGCGCTATAAGCG-1,2
TCCAGGCGAGTACGGT-1,6
TCCAGGGTATATACGA-1,6
TCCATCAATACTAATC-1,7
TCCATTAGTTGGATAG-1,1
TCCATTGTGACCTCGT-1,3
TCCCAAACAGACAACG-1,2
TCCCAAAGACGAAGGA-1,5
TCCCACGGAGGGAGCT-1,1
TCCCACTCTCTTCCGG-1,3
TCCCAGCTTTAGTCTG-1,6
TCCCAGGCTTAGCTAA-1,5
TCCCGCGTACTCCTGG-1,5
TCCCGGGTGTGCTGCT-1,5
TCCCGGTCAGGAATTT-1,1
TCCCGTCAGTCCCGCA-1,5
TCCCGTGTGCAATTTG-1,5
TCCCTCCGAAATCGTT-1,1
TCCCTGGCGTATTAAC-1,7
TCCCTGGCTCGCTGGA-1,5
TCCCTTAGATTACTCG-1,3
TCCGAACTTGGCTTAC-1,5
TCCGAAGTAGTCACCA-1,1
TCCGAATGGTCCTGAG-1,2
TCCGACCGCTAATCAA-1,7
TCCGAGAAGGCTAAGC-1,1
TCCGATAATTGCCATA-1,4
TCCGATGACTGAGCTC-1,5
TCCGATGGTGCGACAT-1,5
TCCGATTACATTGCCG-1,5
TCCGCAGCCACCTAGC-1,1
TCCGCCTGTCTACAAG-1,5
TCCGCGGCAGCATCTG-1,5
TCCGCGGCCCAATGAA-1,3
TCCGCTGTCATCCCGG-1,5
TCCGCTTATCCCATTA-1,6
TCCGGAGGAAGGGCTG-1,2
TCCGGCCTAGCGTACA-1,3
TCCGGCCTGCATCGAT-1,2
TCCGGGCTTGACGGGA-1,3
TCCGGTTCGTCCGGTC-1,6
TCCGTAACCACAATCC-1,2
TCCGTTAAGCTAATAT-1,3
TCCGTTTAGCCTTGAA-1,5
TCCTAAAGATTCAGAC-1,4
TCCTAAATTGGGAAGC-1,6
TCCTAACCGTCGGGCA-1,7
TCCTACATCCACGGCC-1,5
TCCTAGCAAAGAAGCT-1,6
TCCTCCTAAGACATTC-1,6
TCCTCGGGCTGGGCTT-1,6
TCCTCTACGAGATGGC-1,4
TCCTCTCCAGTTGTCC-1,4
TCCTCTGGCCCATTAG-1,3
TCCTGCCAACTGGAGA-1,3
TCCTGCGTTGATACTC-1,5
TCCTGGCGCTGCCTGG-1,2
TCCTTACGACGGTCCG-1,3
TCCTTCAGTGGTCGAA-1,4
TCCTTGTCCTTTAATT-1,5
TCCTTTAAATCCGCTT-1,4
TCCTTTCTTACGCTTA-1,6
TCGAAATTTAGGACCA-1,5
TCGAAGAACCGAGCAC-1,3
TCGAATATCCCGCAGG-1,7
TCGACAACTGAACCCG-1,7
TCGAGACCAACACCGT-1,6
TCGAGCCAGGCAGGCC-1,7
TCGATAGGCTAGTCGC-1,1
TCGCAAAGATGCATTT-1,6
TCGCACCAGGAGGCAG-1,5
TCGCATAAAGGGCGCA-1,2
TCGCATCCCTAAGTGT-1,2
TCGCATTCAATGACTT-1,1
TCGCCGAAGTTGCGTC-1,6
TCGCCGACATATTCGC-1,3
TCGCCGGTCGATCCGT-1,4
TCGCGCGTTTACATGA-1,7
TCGCGTAGCAGTGTCC-1,3
TCGCGTCCAGAAGGTC-1,5
TCGCTAAACCGCTATC-1,3
TCGCTACTGGCTTTGA-1,5
TCGCTCGATATATTCC-1,6
TCGCTCGGCACCAGCG-1,3
TCGCTGCCAATGCTGT-1,5
TCGCTGGGCGGATTGT-1,5
TCGCTGTGCGTAAATC-1,3
TCGCTTTAAACGTTTG-1,4
TCGGAATGACCATCAA-1,3
TCGGAATGCGCTCTGA-1,4
TCGGACGCCCAGCCCA-1,5
TCGGAGAGTATCGGGA-1,6
TCGGAGTACATGAGTA-1,6
TCGGAGTCCTGGTTGC-1,7
TCGGCGAACCCAAACC-1,3
TCGGCGTACTGCACAA-1,6
TCGGCTAACTTCCCTT-1,2
TCGGCTTGTATCGACG-1,3
TCGGGAACGTGCCTAG-1,3
TCGGGAGACAGCGTAC-1,6
TCGGGATTCAAACATA-1,5
TCGGGCACTTCTGGAT-1,1
TCGGGCCGTCGTGGTA-1,5
TCGGGTGAAACTGCTA-1,3
TCGGTCCCGACAATAG-1,7
TCGGTCCCTGACTCCA-1,3
TCGGTGACCGCTCCGG-1,2
TCGGTTAGCCATGTAG-1,2
TCGTAAGACGACATTG-1,5
TCGTAAGCTCCGAGGA-1,2
TCGTACCGACGTCAAG-1,6
TCGTATAGTGCAATTA-1,3
TCGTATTACCCATTGC-1,5
TCGTATTTCGTCCGGA-1,3
TCGTCAAGTACGCGCA-1,7
TCGTCACACTGTTAGC-1,4
TCGTCCGCTGGCGTCT-1,4
TCGTCTTAGGCGTTAA-1,5
TCGTGTACTATGGATG-1,5
TCGTGTATTGGTCACG-1,1
TCGTGTCACGCTGACA-1,6
TCGTGTTCGACCACAA-1,3
TCGTTAGGAGTCCCTA-1,6
TCGTTCGTTATTATGT-1,3
TCGTTGCTATCCGGTC-1,7
TCGTTGGCTCGTCAAT-1,1
TCTAAAGAACAGTCTC-1,6
TCTAACTGTATGTAAA-1,4
TCTAATACTGCCTCAG-1,7
TCTACACGTTCATGCA-1,2
TCTACCCAATAGAGAG-1,3
TCTACCGTCCACAAGC-1,5
TCTAGCAATCTCCGCC-1,6
TCTAGCATCTTCGATG-1,4
TCTAGCATGCCCAGAA-1,6
TCTAGGTGGCGACGCT-1,3
TCTAGTGATATCGTGG-1,3
TCTAGTTATCAGAAGA-1,6
TCTATCATGCAGTTAC-1,3
TCTATCGGTCGCAACA-1,5
TCTATGCTATAACGAC-1,3
TCTATTACGCTGGCGA-1,2
TCTATTACTAGAGGAT-1,5
TCTCATGAGATAGGGT-1,5
TCTCCAACGTAGGTTA-1,4
TCTCCACAAGTTGAAT-1,3
TCTCCCTGGGCAGCGT-1,5
TCTCGAACGAGGTCAC-1,3
TCTCGACGTATCGCCG-1,3
TCTCGAGGAGGTTCGC-1,2
TCTCGGCTCCAGGACT-1,1
TCTCTAATAGCTGGTA-1,4
TCTCTCGCCGCACATA-1,2
TCTCTTACCGCGAACC-1,7
TCTGAACCGGTCGGCT-1,3
TCTGAACTCGTACCCG-1,3
TCTGAAGCACGTGGTC-1,5
TCTGAATTCCGTACAA-1,4
TCTGACTGTAATGGTT-1,1
TCTGAGCAATTGACTG-1,2
TCTGATGTATTCTGTC-1,5
TCTGCATACCTTGCTT-1,3
TCTGCCAGAAACTGCA-1,5
TCTGCGTCCGGTTTCT-1,1
TCTGGGAACCTTTGAA-1,3
TCTGGGTAGCGCTCAT-1,6
TCTGTCATACAAGAGC-1,2
TCTGTGACTGACCGTT-1,1
TCTGTGCCATCATAGT-1,5
TCTGTGGCTACATTTC-1,1
TCTGTTACCCAGCATA-1,7
TCTTACAGAGGTACCG-1,3
TCTTACCGGAACTCGT-1,3
TCTTACGGCATCCGAC-1,3
TCTTACTTATGCCTCT-1,4
TCTTAGAGCTCCAATT-1,3
TCTTAGAGTGAACTCT-1,3
TCTTATGGGTAGTACC-1,1
TCTTCCCATGGGCACA-1,4
TCTTCGAATAGACGTT-1,6
TCTTCGATACCAATAA-1,6
TCTTCTATAACCCGCC-1,3
TCTTGATGCGTAGCGA-1,6
TCTTGCTCCCGATACT-1,6
TCTTGGTAACACCAAA-1,4
TCTTTAAGACTATGAA-1,3
TCTTTAGAGTCTAACA-1,2
TCTTTCTCTTAAGGAG-1,3
TGAAACCTCAACTCAC-1,1
TGAAACTTATGCAAGC-1,3
TGAAAGGACCTGACTC-1,5
TGAACAAGCAGGGACT-1,7
TGAATACCGACGCGTA-1,4
TGAATGAGTGTTTCCC-1,6
TGAATGTCAGCCGGCC-1,3
TGACACTTCTCTTTGC-1,3
TGACAGAAATCTTGCT-1,7
TGACAGGACAAGTCCA-1,7
TGACATCGAGCGGACC-1,3
TGACATGTAACGTGAC-1,6
TGACCAAATCTTAAAC-1,6
TGACCAGCTTCAAAGT-1,2
TGACCCAACTCACATT-1,1
TGACCCACGTTAGACA-1,5
TGACGAATATTTCCCT-1,6
TGACGATGCACTAGAA-1,4
TGACTATAATCCTTTC-1,6
TGACTCCGAATCATAC-1,7
TGAGAATGCTTTACCG-1,3
TGAGAGATTTACCACG-1,5
TGAGATCAAATACTCA-1,3
TGAGATTAGGCCCTAA-1,3
TGAGCCATACAGTCTC-1,6
TGAGCGGAAAGTGTTC-1,6
TGAGCTTTAATGACGC-1,3
TGAGGAGTGCCAGCTT-1,6
TGAGGCATGTACTGTG-1,7
TGAGGTGTGTGGCGGA-1,6
TGAGGTTGATCCCAAG-1,1
TGAGTAAATTAGCGTA-1,6
TGAGTGCCTCTTAAAT-1,6
TGAGTGGTCCGTGACG-1,5
TGAGTTAAAGACATTC-1,3
TGATACATTTAGCCGT-1,7
TGATAGCGGGATTCTA-1,4
TGATCACCACACTGAC-1,6
TGATCAGGGAACTGCT-1,6
TGATCCCAGCATTAGT-1,3
TGATCGGTTTGACCCT-1,5
TGATCTACGCTGATCT-1,3
TGATCTCCGGCGCCAG-1,5
TGATGTCAATTAAGTG-1,3
TGATTCAGGTCCCGCG-1,1
TGATTCCCGGTTACCT-1,6
TGATTCGTCTATCACT-1,5
TGATTCTGTCGCCGGT-1,6
TGATTTATTAGCTGTG-1,6
TGATTTCCTCCTGACG-1,2
TGCAAAGTTCGTCTGT-1,1
TGCAACCCATCTGCGG-1,3
TGCAAGAATGACGTAA-1,6
TGCAATCTAACACGGT-1,3
TGCAATTTGGGCACGG-1,2
TGCACAGTGAAGTTAT-1,3
TGCACGAGTCGGCAGC-1,2
TGCACTATGTGAGTGC-1,2
TGCAGAACTATATCGT-1,6
TGCAGAGTACCGAGCA-1,6
TGCAGATCGTCCTAGG-1,5
TGCAGCTACGTACTTC-1,5
TGCAGGATCGGCAAAG-1,5
TGCAGTGGTAGGGAAC-1,7
TGCAGTTTCCTCCCAT-1,5
TGCATATGTCTGTCAC-1,5
TGCATGGATCGGATCT-1,4
TGCATGTGACCCATAG-1,7
TGCATGTGGTAATCTA-1,5
TGCCAAAGTCAGACTT-1,6
TGCCAATGGGTACTCT-1,6
TGCCACCTGGCGAAAC-1,4
TGCCAGTACGTGGAGA-1,6
TGCCATGGCTTATAAG-1,1
TGCCATTACTAAAGAA-1,3
TGCCCGTACCGTTAAA-1,6
TGCCGGATGTACGAGC-1,7
TGCCGTGGATCGTCCT-1,6
TGCCGTGGGACCCAAT-1,6
TGCCTAATTGAAGATT-1,3
TGCCTGACATCGGTCA-1,1
TGCCTGATCAAACGAT-1,4
TGCCTTGGCCAGGCAA-1,5
TGCGAATATGGGATTT-1,6
TGCGACACCCTAGTGC-1,6
TGCGACGGCCGAACGT-1,7
TGCGAGAATATTACCC-1,7
TGCGAGCCCTTCCGCG-1,2
TGCGCAAAGCATTTGG-1,6
TGCGCGATTAACGGAG-1,5
TGCGGACTTGACTCCG-1,5
TGCGGAGTAAAGGTGC-1,5
TGCGGCATAGTTCAAC-1,3
TGCGGGTATTGGGATC-1,2
TGCGGTCTACGAGTAA-1,1
TGCGGTGAAATTTCAT-1,3
TGCGTAAGAACCTGAT-1,6
TGCGTCATGACTGAGC-1,7
TGCGTTTGTTGACACT-1,6
TGCTAAGTGTCTATTT-1,4
TGCTATACAAACGGAC-1,1
TGCTATGGCAAAGGGA-1,7
TGCTCCACAGTTCTTA-1,4
TGCTCGGCGAAACCCA-1,6
TGCTCGGTGGGTCACC-1,5
TGCTCTTGAGAGTTTG-1,6
TGCTGGTTGGACAATT-1,4
TGCTGTTGAAGAACTC-1,6
TGCTTAGAGAGAATGC-1,7
TGCTTCCCAAGCAGTA-1,6
TGCTTGAAACCATGCA-1,1
TGGAAACGGAGTGAAC-1,1
TGGAACCACTGACACA-1,3
TGGAAGAAGGGAACGT-1,6
TGGAAGACGAACACCA-1,3
TGGAAGGATAAAGATG-1,4
TGGAATATCCTTGACC-1,3
TGGAATTAGACGCTTT-1,3
TGGACCAATCTAAGAT-1,5
TGGACCACGGCGTTGA-1,1
TGGACGCAATCCAGCC-1,7
TGGACGTAGGCGAATC-1,1
TGGACTGTTCGCTCAA-1,6
TGGAGCTAAAGTTCCC-1,3
TGGAGTGATGCGATGA-1,5
TGGATAGAGTAACAGA-1,1
TGGCAAACTAAATTAC-1,5
TGGCAACTCGCGCGCC-1,4
TGGCAAGCACAAGTCG-1,6
TGGCAATGGGACGGCG-1,3
TGGCACGAGCTCGAGT-1,1
TGGCAGATTACGATCA-1,6
TGGCAGCAGTAATAGT-1,6
TGGCATGAAGTTTGGG-1,7
TGGCCAAACTGAAGTA-1,5
TGGCCAATTTGGTACT-1,6
TGGCCGTATATTGACC-1,4
TGGCGACTGCTCCAAA-1,7
TGGCGATCAAGTTATG-1,6
TGGCGGTGTGCGATTG-1,1
TGGCTACACTCTACCT-1,3
TGGCTATGTGACATAC-1,4
TGGCTCTTGTCGCGTA-1,5
TGGCTTTGGGTAGACA-1,3
TGGGAAATGCCTTTCC-1,3
TGGGATGCACTCATTC-1,3
TGGGCAATAGTTGGGT-1,3
TGGGCACAAACAGAAC-1,1
TGGGCACGTTCTATGG-1,3
TGGGCAGGCCACCGCA-1,1
TGGGCCACAAGAGCGC-1,4
TGGGCCCATACTAATT-1,4
TGGGCCTTGCCTGCAT-1,1
TGGGCGATACAATAAG-1,6
TGGGTAAGGTTCCCGC-1,3
TGGGTGTTAAGTAGAA-1,6
TGGTAAGCAGGATTGA-1,5
TGGTAGAATATATGGG-1,3
TGGTATCGCATCCCAA-1,3
TGGTATCGGTCTGTAT-1,2
TGGTCCCACGCTACGG-1,5
TGGTCGATATACCTCT-1,1
TGGTCTGTTGGGCGTA-1,5
TGGTGATCGTATTTGT-1,3
TGGTTAACTTACATTT-1,7
TGGTTCAACGGGTAAT-1,5
TGGTTCGTAGCAAAGG-1,5
TGGTTGGAGGATCCTG-1,3
TGGTTTAAACGTGGGT-1,2
TGTAACTTGTCAACCT-1,1
TGTAATGACCACAATA-1,5
TGTACCCGACCCTAAT-1,7
TGTACCTACACGAGGG-1,3
TGTACGAACAAATCCG-1,6
TGTACGCTATCAGCTT-1,2
TGTACTGTGCCAAAGT-1,1
TGTAGCCATCCCATTC-1,2
TGTAGGAGAAATTTCC-1,5
TGTAGTGATCTATAAT-1,5
TGTATAACAGATCCTG-1,5
TGTATCCTTATTCCAT-1,3
TGTATGGCGCAGACAG-1,4
TGTATTTACCTAATGC-1,2
TGTCATTTGTTGGGAA-1,2
TGTCCACGGCTCAACT-1,3
TGTCCCGACATAGCAC-1,3
TGTCCGTGGCGCCTTT-1,4
TGTCCTAAGTCACCGC-1,5
TGTCGTTATCACATAT-1,7
TGTCTACAGTTTCTGT-1,3
TGTGACTACGCCAGTC-1,5
TGTGAGACTAGCCCAA-1,6
TGTGATTCCAGCGCTT-1,2
TGTGCCGGTGCCGGAA-1,3
TGTGCTTTACGTAAGA-1,5
TGTGGAGGAAGCTTAA-1,1
TGTGGCAAAGCGTATG-1,5
TGTGGCGGGCTTCTGG-1,6
TGTGGTTGCTAAAGCT-1,6
TGTGTCGCGAGTTGCA-1,4
TGTGTTCGTATCCAAG-1,4
TGTTATTGTATGTGGC-1,5
TGTTCCGCTTCCATGA-1,6
TGTTCCGGCCTGAGCT-1,6
TGTTCGTATTGCGGTG-1,6
TGTTCTTCCATTGACT-1,5
TGTTGTCAAGAAGTCT-1,5
TGTTTAATACTTCATC-1,3
TGTTTCGGTACTTCTC-1,3
TGTTTCTGAAGCGTGC-1,7
TGTTTGAGATCGTCAG-1,2
TTAAACCGGTAGCGAC-1,2
TTAAACCTGGTTCCTT-1,3
TTAAACTCGAATTCAT-1,4
TTAACACCTCGAACAT-1,3
TTAACCAACCCTCCCT-1,3
TTAACGTCGCAAGACC-1,3
TTAACTCACGCGTGGA-1,3
TTAACTTCAGGTAGGA-1,6
TTAAGACGAACGAACC-1,3
TTAAGATAGGATTGAC-1,3
TTAAGCCGACAACTTC-1,3
TTAAGCGCCTGACCCA-1,5
TTAAGGATACGGAGGT-1,1
TTAAGGCCCGTACTTT-1,7
TTAAGTATTGTTATCC-1,3
TTAATCAGTACGTCAG-1,4
TTAATGCGAGGTAACT-1,2
TTAATGTAGACCAGGT-1,6
TTAATGTGTTTGCAGG-1,1
TTAATTGCTTTGGGTG-1,5
TTAATTTCAGACGCGG-1,4
TTACAACTACGCATCC-1,5
TTACACGATCTGCGAC-1,2
TTACAGACCTAAATGA-1,3
TTACATCGTGGCCTGG-1,3
TTACATGCCACAACTA-1,3
TTACCATTGATTACCC-1,5
TTACCCATTGCCGGGT-1,3
TTACCCTAACAGTCCT-1,3
TTACCCTAGGGATTGG-1,6
TTACCGCCTTAGGGAA-1,1
TTACGGATGGTTCGAG-1,4
TTACGGTGTCACCGAG-1,1
TTACTAAAGGACTTTA-1,5
TTACTATCGGCTTCTC-1,5
TTACTCCGGCCGGGAA-1,5
TTACTCTGGTACGTAC-1,6
TTACTGGGATATTTCA-1,6
TTACTGTTTCTCTACG-1,1
TTAGAAGAACATGACT-1,6
TTAGAATAAGGGTCGG-1,7
TTAGACACGATCGTTG-1,3
TTAGACGAGTCACCTC-1,5
TTAGAGTTTAGAAGGA-1,5
TTAGATAGGTCGATAC-1,1
TTAGCAACATGGATGT-1,3
TTAGCTAATACGATCT-1,3
TTAGCTCTGTAATCCG-1,4
TTAGCTGATTTGCCGT-1,4
TTAGGTCATAACCGAC-1,7
TTAGTAAACCTGCTCT-1,3
TTAGTAGGGCGGCGGG-1,5
TTAGTTATTCGTGGCA-1,4
TTAGTTCAAGTGTTCG-1,2
TTATAGATGCACATTA-1,1
TTATAGGTAATTGTCT-1,5
TTATATACGCTGTCAC-1,6
TTATATTTGGCAATCC-1,5
TTATCATACTCGCAAA-1,1
TTATCCAATCGAACTC-1,2
TTATCCGGGATCTATA-1,5
TTATCCTCAAGGAATA-1,7
TTATCGCCTGCGAAGC-1,3
TTATCTGACATTAGGA-1,6
TTATCTGTATCATAAC-1,5
TTATGAATGAAAGGGA-1,6
TTATGACAAACTGGAT-1,4
TTATGATCTTAACGAA-1,5
TTATGCGTCCCGGTCC-1,1
TTATGTTTGCGATAGA-1,3
TTATTAGAGCGTGTTC-1,6
TTATTAGGGAAGCATC-1,3
TTCAAAGTCTCTAGCC-1,6
TTCAACGACCCGACCG-1,3
TTCAAGCCGAGCTGAG-1,3
TTCAATACTCTGAATC-1,5
TTCAATTAGCCATAAT-1,3
TTCACGAAAGGATCAC-1,6
TTCACTCGAGCACCTA-1,6
TTCACTTCCTAGAACG-1,6
TTCAGAGTAACCTGAC-1,1
TTCAGCCCTGGTCCAC-1,5
TTCAGCTGGCGTGCCC-1,3
TTCAGGCGTCAAAGCC-1,5
TTCAGTTCAAGAGGAG-1,7
TTCATAGCCTTGTAAC-1,1
TTCATGGCGCAACAGG-1,4
TTCCAATCAGAGCTAG-1,3
TTCCAATCTGGCTATC-1,6
TTCCACACAGATTTGA-1,7
TTCCACATTTCTCGTC-1,1
TTCCAGACGAGATTTA-1,3
TTCCATCATGCGGTGA-1,3
TTCCATCGACAGCGTG-1,3
TTCCCGACGCTTCACT-1,3
TTCCCGGCGCCAATAG-1,6
TTCCGCAGAGAAATAT-1,3
TTCCGCGTGAGGCGAT-1,6
TTCCGGCCTTGAGGCT-1,7
TTCCGGTATCTGTGTC-1,2
TTCCGGTTACCCACTT-1,5
TTCCTCGAGGGTGTCT-1,4
TTCCTCGGACTAACCA-1,5
TTCCTCTGCCCGAATA-1,5
TTCCTTTCTGTGTTGC-1,1
TTCGAACGAAACATGC-1,6
TTCGACAGAGCCCGTG-1,6
TTCGACGGGAAGGGCG-1,5
TTCGCACTCGCGTGCT-1,5
TTCGCACTGTACGACA-1,6
TTCGCCGCTCGCGCTA-1,7
TTCGCGCGCCATACGA-1,7
TTCGCTATCTGACGTG-1,3
TTCGGACTGATGCCTT-1,1
TTCGGACTGGGCATGG-1,7
TTCGGCAACCCGCTGA-1,3
TTCGGCTAGAGATGGT-1,3
TTCGGGACTAATCGCG-1,6
TTCGGGCGCTAGTCTT-1,7
TTCGGTACTGTAGAGG-1,6
TTCGTAATCCCAGCGG-1,3
TTCGTACTCCAGAACG-1,4
TTCGTTCAACGAAGTT-1,3
TTCTAACCGAAGCTTA-1,5
TTCTACCTCAATCGGT-1,7
TTCTACCTTTATGTTG-1,3
TTCTACTTGCGAGGGC-1,3
TTCTAGAAAGTCTTAT-1,7
TTCTAGGCCAATTGTG-1,4
TTCTATTAAACGCAGC-1,6
TTCTCAATTGCTACAA-1,7
TTCTCTTACAGGTGAT-1,7
TTCTGACCGGGCTCAA-1,5
TTCTGCCGCGCCTAGA-1,6
TTCTGCGAGCGCCCTT-1,4
TTCTGCGGGTTAGCGG-1,5
TTCTGCTAGACTCCAA-1,3
TTCTTAGTGAACGGTG-1,3
TTCTTAGTGGCTCAGA-1,3
TTCTTATCCGCTGGGT-1,3
TTCTTCCCTTTGATAT-1,1
TTCTTCGCAATAGAGC-1,2
TTCTTGAGCCGCGCTA-1,6
TTCTTGCTAGCATCTC-1,3
TTCTTGGACGATCTGC-1,7
TTCTTGGAGTAATGAG-1,4
TTCTTGTAACCTAATG-1,4
TTCTTTGGTCGCGACG-1,3
TTGAAAGGTGTAAAGG-1,2
TTGAACGAATCCTTTG-1,3
TTGAACGACGTGCTGA-1,3
TTGAAGAATTCCCAGG-1,5
TTGAAGGATGGGCGCC-1,7
TTGAATATGGACTTTC-1,6
TTGAATCGTTGTATAA-1,6
TTGAATTCACGTGAGG-1,3
TTGACAGGAGCTCCCG-1,3
TTGACATGAACGTGGA-1,6
TTGACCAGGAACAACT-1,5
TTGACCATGTTCTCCG-1,5
TTGACCGTGTTAATGA-1,7
TTGACGATTCAGCACG-1,3
TTGACGCTCCATGAGC-1,3
TTGACTACCATATGGT-1,6
TTGACTATTGTCCGGC-1,3
TTGAGAAGTTTAGCAT-1,4
TTGAGAGTACTGCTAA-1,6
TTGAGCAGCCCACGGT-1,2
TTGAGGCATTTAACTC-1,3
TTGATCTAACTTTGTC-1,5
TTGATGCCGCTCGTCG-1,7
TTGATGTGTAGTCCCG-1,4
TTGATTAGCTGTTTCT-1,6
TTGATTATGCAGATGA-1,4
TTGCAAGAAGACTCCT-1,5
TTGCACAATTCAGAAA-1,6
TTGCACGGAGCAGCAC-1,4
TTGCATGCTGATCACG-1,6
TTGCCAAGCAGAACCC-1,3
TTGCCATAGCCCGCTC-1,7
TTGCCCTGATCACGGG-1,5
TTGCCGCAGACCTACA-1,7
TTGCCGCTTTCTAGTA-1,5
TTGCCGGTGATCCCTC-1,2
TTGCCTAATCCAAAGT-1,7
TTGCGGAAAGCTGCCC-1,6
TTGCGGCATCAGAAAG-1,7
TTGCGGCGACTCATGC-1,1
TTGCGTAGTTTGAGGA-1,3
TTGCGTCGGCCAACCG-1,7
TTGCGTGAACGCTTAG-1,3
TTGCTAGCTACCAATC-1,1
TTGCTCCCATACCGGA-1,5
TTGCTGAAGGAACCAC-1,3
TTGCTGATCATGTTCG-1,6
TTGCTGCACCTATCCA-1,3
TTGCTGGCCGGGCTTC-1,3
TTGGAAGAATACAGTC-1,7
TTGGACATGTGGCTTA-1,6
TTGGACCATCTGGCAA-1,3
TTGGACCTATAACAGT-1,4
TTGGAGTCTCCCTTCT-1,1
TTGGATATCGTCTACG-1,6
TTGGATCGACTTCTGG-1,3
TTGGATTGGGTACCAC-1,3
TTGGCCATCTTGCGCT-1,2
TTGGCCTAGAATTTCG-1,3
TTGGCTCGCATGAGAC-1,4
TTGGGAAGACGAGCCG-1,6
TTGGGACACTGCCCGC-1,5
TTGGGACGTAAGAGTT-1,3
TTGGGCGGCGGTTGCC-1,5
TTGGTCACACTCGTAA-1,6
TTGGTTGCGGTGCGCG-1,7
TTGTAAGGACCTAAGT-1,6
TTGTAAGGCCAGTTGG-1,5
TTGTAATCCGTACTCG-1,6
TTGTATCACACAGAAT-1,3
TTGTCGTTCAGTTACC-1,5
TTGTCTCGGCAAGATG-1,1
TTGTGAACCTAATCCG-1,4
TTGTGAGGCATGACGC-1,6
TTGTGCAGCCACGTCA-1,5
TTGTGGCCCTGACAGT-1,4
TTGTGGTAGGAGGGAT-1,7
TTGTGGTGGTACTAAG-1,3
TTGTGTATGCCACCAA-1,6
TTGTGTTTCCCGAAAG-1,6
TTGTTAGCAAATTCGA-1,4
TTGTTCAGTGTGCTAC-1,5
TTGTTGTGTGTCAAGA-1,5
TTGTTTCACATCCAGG-1,7
TTGTTTCATTAGTCTA-1,7
TTGTTTCCATACAACT-1,6
TTGTTTGTATTACACG-1,6
TTGTTTGTGTAAATTC-1,1