Id,Cluster
AAACAAGTATCTCCCA-1,L3
AAACAATCTACTAGCA-1,L1
AAACACCAATAACTGC-1,WM
AAACAGAGCGACTCCT-1,L3
AAACAGCTTTCAGAAG-1,L5
AAACAGGGTCTATATT-1,L6
AAACAGTGTTCCTGGG-1,WM
AAACATTTCCCGGATT-1,L3
AAACCCGAACGAAATC-1,L2
AAACCGGGTAGGTACC-1,L6
AAACCGTTCGTCCAGG-1,WM
AAACCTAAGCAGCCGG-1,L4
AAACCTCATGAAGTTG-1,L5
AAACGAAGAACATACC-1,L3
AAACGAGACGGTTGAT-1,L5
AAACGGGCGTACGGGT-1,L3
AAACGGTTGCGAACTG-1,L6
AAACTCGGTTCGCAAT-1,L5
AAACTCGTGATATAAG-1,L2
AAACTGCTGGCTCCAA-1,L6
AAACTTAATTGCACGC-1,WM
AAACTTGCAAACGTAT-1,L6
AAAGACATGAAGTTTA-1,L2
AAAGACCCAAGTCGCG-1,L3
AAAGACTGGGCGCTTT-1,L3
AAAGGCCCTATAATAC-1,WM
AAAGGCTACGGACCAT-1,L6
AAAGGCTCTCGCGCCG-1,L6
AAAGGGATGTAGCAAG-1,L5
AAAGGGCAGCTTGAAT-1,L3
AAAGGTAAGCTGTACC-1,L1
AAAGTAGCATTGCTCA-1,WM
AAAGTCACTGATGTAA-1,L3
AAAGTCGACCCTCAGT-1,L5
AAAGTGTGATTTATCT-1,L4
AAAGTTGACTCCCGTA-1,L4
AAATAACCATACGGGA-1,L3
AAATAAGGTAGTGCCC-1,L2
AAATACCTATAAGCAT-1,L6
AAATAGCTTAGACTTT-1,L3
AAATAGGGTGCTATTG-1,L5
AAATCCGATACACGCC-1,L3
AAATCGTGTACCACAA-1,L6
AAATCTAGCCCTGCTA-1,L3
AAATGATTCGATCAGC-1,L2
AAATGCTCGTTACGTT-1,L3
AAATGGCATGTCTTGT-1,L3
AAATGGCCCGTGCCCT-1,L6
AAATGGTCAATGTGCC-1,L6
AAATGTGGGTGCTCCT-1,L1
AAATTAACGGGTAGCT-1,L6
AAATTACACGACTCTG-1,L3
AAATTACCTATCGATG-1,L4
AAATTGATAGTCCTTT-1,WM
AAATTGCGGCGGTTCT-1,L1
AAATTTACCGAAATCC-1,L3
AAATTTGCGGGTGTGG-1,WM
AACAACTGGTAGTTGC-1,L5
AACAATACATTGTCGA-1,WM
AACAATTACTCTACGC-1,L4
AACACACGCTCGCCGC-1,L4
AACACGACTGTACTGA-1,L3
AACACGAGACGCGGCC-1,L6
AACACGCGGCCGCGAA-1,L1
AACAGCTGTGTGGCAA-1,WM
AACAGGAAATCGAATA-1,L3
AACAGGATGGGCCGCG-1,L5
AACAGGTAGTATGGAT-1,L2
AACATATCAACTGGTG-1,L3
AACATCGATACGTCTA-1,L2
AACATTGAAGTTGATC-1,WM
AACATTGGTCAGCCGT-1,L1
AACATTGTGACTCGAG-1,L6
AACCAAGACTTCTCTG-1,L5
AACCAGTATCACTCTT-1,L3
AACCATAGGGTTGAAC-1,WM
AACCATGGGATCGCTA-1,L2
AACCCAGAGACGGAGA-1,L3
AACCCATCCCATGATC-1,WM
AACCCGACAACCCGTG-1,WM
AACCCGAGCAGAATCG-1,L2
AACCCTACTGTCAATA-1,L4
AACCCTGGTGGAACCA-1,L3
AACCGAGCTTGGTCAT-1,L5
AACCGCTAAGGGATGC-1,L4
AACCGTTGTGTTTGCT-1,L3
AACCTAAAGCCGTCCG-1,L2
AACCTCGCTTTAGCCC-1,L4
AACCTTTAAATACGGT-1,L6
AACCTTTACGACGTCT-1,L3
AACGAAAGTCGTCCCA-1,WM
AACGATAATGCCGTAG-1,L6
AACGATAGAAGGGCCG-1,L3
AACGATATGTCAACTG-1,L5
AACGCATGATCTGGGT-1,L3
AACGCGACCTTGGGCG-1,L6
AACGCGGTCTCCAGCC-1,L5
AACGCTGTTGCTGAAA-1,L3
AACGGACGTACGTATA-1,L4
AACGGCCATCTCCGGT-1,WM
AACGTACTGTGGGTAC-1,WM
AACGTAGTCTACCCAT-1,L1
AACGTCAGACTAGTGG-1,L5
AACGTGATGAAGGACA-1,L3
AACGTGCGAAAGTCTC-1,L6
AACTACCCGTTTGTCA-1,L3
AACTAGCGTATCGCAC-1,L1
AACTAGGCTTGGGTGT-1,L6
AACTCAAGTTAATTGC-1,L6
AACTCCAGAGCGTGTT-1,L3
AACTCCTAATCCCATG-1,L3
AACTCGATAAACACGT-1,L1
AACTCGATGGCGCAGT-1,L1
AACTCTCAATAGAGCG-1,L4
AACTCTCAGTGTGCTC-1,WM
AACTGATATTAGGCCT-1,L4
AACTGGGTCCCGACGT-1,L5
AACTGGGTTCGAGCCG-1,L3
AACTGGTGTGGGCCTT-1,L2
AACTTCTGCGTCTATC-1,L3
AACTTGCCCGTATGCA-1,L5
AACTTGCGTTCTCGCG-1,L2
AACTTTAGCTGCTGAG-1,L1
AAGAAGGATCAGTTAG-1,L2
AAGACATACGTGGTTT-1,
AAGACCAAATAACTCA-1,WM
AAGACCCAACTGAACA-1,L6
AAGACTAACCCGTTGT-1,L1
AAGACTCACGCCCACT-1,L2
AAGACTGCAAGCTACT-1,L6
AAGAGATGAATCGGTA-1,L4
AAGAGCTCTTTATCGG-1,L6
AAGAGGATGTACGCGA-1,L6
AAGAGGCATGGATCGC-1,L5
AAGAGGCCCTTTGGAA-1,L3
AAGATGGCACCGGACC-1,WM
AAGATTGGCGGAACGT-1,L4
AAGCACCCTGCGTATC-1,L5
AAGCATACTCTCCTGA-1,L6
AAGCCGAAGCGGTTTA-1,L3
AAGCCGCCGTGAAATC-1,WM
AAGCGCAGGGCTTTGA-1,L5
AAGCGGCGTCATGGGT-1,L3
AAGCGTCCCTCATCGA-1,WM
AAGCTAGATCGAGTAA-1,L6
AAGCTCGTGCCAAGTC-1,L6
AAGCTCTTTCATGGTG-1,L5
AAGGAGAACTTATAAG-1,L1
AAGGAGCGGTTGGTGC-1,L5
AAGGATCGATCGCTTG-1,L3
AAGGATGAGGGACCTC-1,L5
AAGGCAGGCTGTCTCC-1,L2
AAGGCGCGTAAAGCTT-1,L4
AAGGCTGTGCTCATCG-1,L5
AAGGGAACGACTGGCT-1,WM
AAGGGACAGATTCTGT-1,L4
AAGGGACTATGCATTC-1,WM
AAGGTATCCTAATATA-1,L5
AAGGTGATAAACCAGC-1,L5
AAGTAAGCTTCCAAAC-1,L1
AAGTAGAAGACCGGGT-1,L4
AAGTAGTGACGCGAGG-1,L5
AAGTCAATTGTCGTCA-1,L3
AAGTGACGACCGAATT-1,L6
AAGTGAGTCGGGTTTA-1,WM
AAGTGCAAAGGTAGAC-1,L3
AAGTGCCTTGACTGTA-1,L3
AAGTGCGTTAGAATCT-1,WM
AAGTGCTTCTCTATTG-1,WM
AAGTGTTTGGAGACGG-1,L5
AAGTTCACTCCAAGCT-1,L4
AAGTTCAGTCTGCGTA-1,L3
AAGTTCGGCCAACAGG-1,WM
AAGTTGTGATGTTATA-1,
AAGTTTACTAATGGCA-1,L2
AAGTTTATGGGCCCAA-1,L5
AATAACAACGCTCGGC-1,L5
AATAACACTAGAACAA-1,WM
AATAAGTCCTCGAGAC-1,L3
AATACAATGTTTCAGG-1,L3
AATACCGGAGGGCTGT-1,WM
AATACCTGATGTGAAC-1,
AATAGAACAGAGTGGC-1,WM
AATAGAATCTGTTTCA-1,L5
AATAGCTACCGCGTGC-1,L2
AATAGTCCGTCCCGAC-1,L6
AATATCAAGGTCGGAT-1,L1
AATATCGAATCAATGC-1,L3
AATATCGAGGGTTCTC-1,L3
AATATTGGAGTATTGA-1,L5
AATCAGACTGCAGGAC-1,L1
AATCATGTAAAGACTC-1,L3
AATCCAAGGGCCTGAG-1,L3
AATCCATGCAAGGGTG-1,L1
AATCGCCTCAGCGCCA-1,L5
AATCGCGCAGAGGACT-1,L2
AATCGGGACACTACGA-1,L3
AATCGGTATAGCCCTC-1,
AATCGTGAGCCGAGCA-1,L3
AATCTAGGTTTACTTG-1,WM
AATCTATGCCGGAGCC-1,L3
AATCTCTACTGTGGTT-1,L5
AATCTGCGTTGGGACG-1,L4
AATCTGGCTTTCTAGT-1,WM
AATCTGGGTAGACCCT-1,L3
AATGACAGCAATGTCT-1,WM
AATGACGTAGGATGTC-1,L5
AATGACTGTCAGCCGG-1,L5
AATGAGTTCGCATATG-1,L2
AATGATGATACGCTAT-1,L4
AATGATGCGACTCCTG-1,L3
AATGCAACCGGGTACC-1,L5
AATGCACCAAGCAATG-1,L3
AATGGTCCACCGTTCA-1,L3
AATGGTTCTCACAAGC-1,L3
AATGTATGGCACTGTA-1,WM
AATGTGCCCGAGGTGT-1,WM
AATGTGCTAATCTGAG-1,WM
AATTAAAGGTCGGCGT-1,L6
AATTAACGGATTTCCA-1,L6
AATTACGAGACCCATC-1,WM
AATTACTCGTACGCTC-1,L1
AATTAGCGCTGCAGCG-1,L6
AATTCATAAGGGATCT-1,L4
AATTCATTGTCATGCA-1,WM
AATTCCAAGCATGTAC-1,L6
AATTCGATTCGAGGAT-1,L5
AATTCTAGAGTTAGGC-1,L6
AATTGAACGCTCTGGT-1,L5
AATTGCAGCAATCGAC-1,L3
AATTGCGTGGATTACA-1,WM
AATTTGGGACATAGTA-1,L3
AATTTGGTTCCAAAGA-1,L3
ACAAACCATGCGTCCT-1,WM
ACAAACCGACAAGGCG-1,L2
ACAAAGCATGACCTAG-1,L3
ACAAATCGCACCGAAT-1,L5
ACAAATGGTAGTGTTT-1,L5
ACAAATTCAGATCTGA-1,L1
ACAACAGCATGAGCTA-1,L6
ACAACGGTCCCTGCGA-1,L3
ACAAGCAGTGCCTAGC-1,L5
ACAAGGAAATCCGCCC-1,L5
ACAAGGACAAGAGGTT-1,L5
ACAAGGATGCTTTAGG-1,L3
ACAAGGGCAGGCTCTG-1,L6
ACAATAGTCGTACGTT-1,L6
ACAATCCATTTAAACC-1,L5
ACAATCGATCTTTATA-1,L1
ACAATGAATACGGAGA-1,WM
ACAATTGTGTCTCTTT-1,L3
ACAATTTGAGCAGTGG-1,L5
ACACAAAGACGGGTGG-1,L5
ACACACCAGGACCAGT-1,L5
ACACACTTTCTACACG-1,L3
ACACATGATCAAATCT-1,WM
ACACATTGACGCAACA-1,L1
ACACCCAGCATGCAGC-1,L5
ACACCCGAGAAATCCG-1,L3
ACACCGGTCTGACCGC-1,WM
ACACCTTAAGTAGGGC-1,L5
ACACCTTACTACTTGC-1,L3
ACACGAGACTCCTTCT-1,L6
ACACGGCACTATGCAT-1,L3
ACACGGGAACTTAGGG-1,L6
ACACGTAGGCCACAAG-1,L3
ACACTCCAATGTCACT-1,L2
ACACTGATCAAGGTGT-1,WM
ACACTGGGACAGTCGT-1,L2
ACAGAACTGAGAACAA-1,WM
ACAGATTAGGTTAGTG-1,L3
ACAGCATAGAGCCAGT-1,L3
ACAGCGACATTCTCAT-1,L3
ACAGCGCACCCGCAGC-1,L3
ACAGGCTTGCCCGACT-1,L5
ACAGGTGGAGGTGAGG-1,WM
ACAGTAATACAACTTG-1,L6
ACATAAGTCGTGGTGA-1,WM
ACATAATAAGGCGGTG-1,L5
ACATCAGCTGGGACGC-1,L4
ACATCCCGGCCATACG-1,L6
ACATCCTGGTAACTGT-1,L3
ACATCGATCGTTTACC-1,L6
ACATCGGTCAGCCGCG-1,L6
ACATCGTATGCAATGG-1,L5
ACATCGTTAACCTAGT-1,L3
ACATCTCAACGCGTAA-1,L3
ACATGGCGCCAAAGTA-1,L3
ACATGGCTCAATTTAG-1,L1
ACATTAGTTTATATCC-1,L6
ACCAAACTAGAAATCC-1,L3
ACCAACACCACACACT-1,L2
ACCAACCGCACTCCAC-1,L3
ACCAACGCTTATTTAT-1,WM
ACCAAGAACGCGTGTC-1,L4
ACCAATATGCAAGTTA-1,L5
ACCACAACTCAGAACA-1,L3
ACCACAAGTTTCTATC-1,L6
ACCACCAATGTAACAA-1,L3
ACCACGTGCAGCTATA-1,L5
ACCACTGTTCAAGAAG-1,L1
ACCAGCCCGGTCTTTG-1,L3
ACCAGGAGTGTGATCT-1,L1
ACCAGTGCCCGGTCAA-1,L2
ACCAGTGCGGGAGACG-1,L4
ACCATATCCGCAATAA-1,L6
ACCATCCGCCAACTAG-1,L5
ACCATCGTATATGGTA-1,L6
ACCCAACGCCCGTGGC-1,L5
ACCCACCTACATGCTC-1,L3
ACCCATCTTGAGGGTA-1,L6
ACCCATTTGTCCCTCT-1,L3
ACCCGAGCGAAATTAC-1,WM
ACCCGGAAACTCCCAG-1,L6
ACCCGGATGACGCATC-1,L3
ACCCGGTTACACTTCC-1,L6
ACCCGTGTCATCAGTA-1,L6
ACCCTATAGGACTGAG-1,L1
ACCCTATGCCATATCG-1,WM
ACCCTCCCTTGCTATT-1,L5
ACCCTTCATCTGCGAA-1,L3
ACCCTTTAGTTCTCCA-1,L3
ACCGAAAGGGCCCTGC-1,L3
ACCGAAGAGTCTGGTT-1,WM
ACCGACACATCTCCCA-1,L6
ACCGACTGAGTCCCAC-1,L6
ACCGATGGTAGCATCG-1,L5
ACCGCAATAACTGCCT-1,L5
ACCGCGGTGGAAGTCG-1,L3
ACCGGGCCTTTGTTGA-1,L3
ACCGGTCAGGTACACC-1,WM
ACCGGTCTGAGTACGG-1,L1
ACCGTCCACTGGGCCC-1,WM
ACCGTGACCACGTGGG-1,WM
ACCGTTCCCGCTCTGA-1,L3
ACCTAAGTACCTTTCA-1,WM
ACCTAATCGACTTCCT-1,L5
ACCTACAGTATGTGGT-1,L3
ACCTACTATAAATCTA-1,L6
ACCTCCGCCCTCGCTG-1,L3
ACCTCCGTTATTCACC-1,L3
ACCTCGAACTTATGCT-1,WM
ACCTGCGTGTCATGTT-1,L6
ACCTTTCCTTTAGAAG-1,L1
ACGAAATGGGCGGCAC-1,L5
ACGACTGGTCATACTC-1,WM
ACGAGAACCCATCACG-1,L1
ACGAGATATTTGCTTA-1,L3
ACGAGGATACCACTCT-1,L6
ACGAGGTTTACAACGT-1,WM
ACGAGTACGGATGCCC-1,L3
ACGATACATAGAACTA-1,L5
ACGATCATACATAGAG-1,L5
ACGATCATCTTGTAAA-1,L3
ACGATGCATATGTTAT-1,L6
ACGATGGATCCGATGC-1,L3
ACGCAAACTAATAGAT-1,WM
ACGCAATCACTACAGC-1,L3
ACGCATACGTTTACTA-1,L3
ACGCATTCGTGAGTAC-1,L6
ACGCCAGATGATTTCT-1,L4
ACGCCCAGCTGTCGAT-1,L3
ACGCCGCTAGACGACC-1,L6
ACGCGAAGTCAGACGA-1,L6
ACGCGCTACACAGGGT-1,L6
ACGCGGGCCAAGGACA-1,L6
ACGCTAGTGATACACT-1,L3
ACGCTGTGAGGCGTAG-1,L5
ACGCTTAGTGTCTCTC-1,L3
ACGGAATTTAGCAAAT-1,L3
ACGGACTCTCAAAGCG-1,L5
ACGGAGCGCAAATTAC-1,L3
ACGGATGGTGCGGATA-1,L5
ACGGCACTTGCTTGGG-1,L6
ACGGCCAACATGGACT-1,L6
ACGGCGACGATGGGAA-1,L5
ACGGCGGGTTGCCCTG-1,L1
ACGGCTGGATGTAGAA-1,WM
ACGGGAGTGTCGGCCC-1,L6
ACGGGTCATGTGACTT-1,L1
ACGTACAGATTTCTCT-1,L3
ACGTAGATTGCTGATG-1,L6
ACGTATTACTCCGATC-1,L3
ACGTCCTAAACGAGAT-1,L1
ACGTGCGCCTCGTGCA-1,L4
ACGTGGTCGAATGTGC-1,L3
ACGTTAATGTCGAAGA-1,L6
ACGTTAGATTTGCCCG-1,L6
ACGTTCCGCGCTCCGT-1,L3
ACGTTCGCAATCAATT-1,L2
ACGTTCGTTCAGGAAA-1,WM
ACGTTCTGTACAAGTC-1,L3
ACGTTTAGTTGTGATC-1,L3
ACTAATACGTCAGGCG-1,L2
ACTACATCCCGACAAG-1,WM
ACTACCAGCTCTCTGG-1,L5
ACTACGCGTTAGAATT-1,L6
ACTAGTTGCGATCGTC-1,L3
ACTATATGCTGTGTTC-1,L2
ACTATCCAGGGCATGG-1,L3
ACTATCTGCCCGCGTA-1,L2
ACTATGTCCAGCTGCC-1,WM
ACTATTCGTCCGTGGT-1,L3
ACTATTTCCGGGCCCA-1,WM
ACTCAACGAATGTATT-1,L1
ACTCAAGTGCAAGGCT-1,L4
ACTCAATAAAGGCACG-1,L5
ACTCAGACCTGCTTCT-1,L2
ACTCATGGCAGCCTTC-1,WM
ACTCCAATATCATCAT-1,WM
ACTCCCATTCCTAAAG-1,L6
ACTCCCGAATTCGTTT-1,L3
ACTCCCTAATGCTAAA-1,L6
ACTCCCTAGAATAGTA-1,L6
ACTCGCCGTTCGATAA-1,
ACTCGTAACCCGTCCT-1,WM
ACTCGTCAGTAATCCC-1,L5
ACTCTCTGACTTAGGT-1,L5
ACTCTCTTATACACGA-1,L3
ACTCTTGTATAGTAAC-1,L6
ACTGAAACGCCGTTAG-1,L3
ACTGAATGGCGAAAGT-1,L5
ACTGATTTAGTGATTC-1,L3
ACTGCCCGCCATTCTC-1,WM
ACTGCCGTCGTAACTC-1,L4
ACTGCTCGGAAGGATG-1,WM
ACTGTACGATACACAT-1,L5
ACTGTAGCACTTTGGA-1,L5
ACTGTATACGCGAGCA-1,L2
ACTGTCCAGGATTATA-1,L6
ACTGTCTTCTTTAGAA-1,L6
ACTGTGCTAGTAGATC-1,L2
ACTGTTTAGTGTAGGC-1,L1
ACTTACCGGGCGCGCA-1,L3
ACTTACGCATCCACGC-1,L5
ACTTAGTACGACAAGA-1,L3
ACTTATACTTACCCGG-1,L5
ACTTATCTGATCTATA-1,L1
ACTTATTAGGATCGGT-1,L6
ACTTATTTATGTGCCA-1,L5
ACTTCAGGCTGATCCC-1,L5
ACTTCCATGCGGGACA-1,L4
ACTTCGCCATACGCAC-1,L5
ACTTGACTCCCTCTTT-1,L6
ACTTGCCATATTGTAC-1,L1
ACTTGGGACCCGGTGG-1,L5
ACTTGTAGTCCCTTCA-1,L5
ACTTGTGGATGGAACG-1,L3
ACTTTACCCTCATGAA-1,L3
ACTTTCCTATAGCTTC-1,L6
ACTTTGACTGCATCCT-1,L5
ACTTTGGTCGTGCTCC-1,WM
AGAAATTATGACTCGC-1,L2
AGAACCCTCAATTGGG-1,WM
AGAACGTGGTACATTC-1,L5
AGAAGAGCGCCGTTCC-1,L5
AGAAGGTACACTTCAC-1,WM
AGAAGGTTGCCGAATT-1,L6
AGAAGGTTGTAGGTCG-1,L5
AGAAGTGATTCGTGAT-1,WM
AGAATAAATCTTCAGG-1,L5
AGAATGCGGGTTCGGA-1,L1
AGAATTATGGATTCGA-1,L3
AGAATTGTTTGACATA-1,L3
AGACATAGATCCTTCC-1,L2
AGACCAAACCACACCT-1,L6
AGACCATGGGATACAA-1,L3
AGACCCACCGCTGATC-1,L6
AGACCCGCCCTCCTCG-1,L5
AGACCGCTCCGCGGTT-1,L3
AGACCGGGAAACCCTG-1,L5
AGACGAAGTGCCGGTC-1,L3
AGACGACGATGCCGCT-1,WM
AGACGGGATTGGTATA-1,L2
AGACGGGCCGATTTAA-1,L2
AGACTAGCCTTCCAGA-1,L5
AGACTGTTACCGGGTC-1,WM
AGAGAAACACCAGAAA-1,WM
AGAGAACCGTCTAGGA-1,L5
AGAGAAGGAGTACAAT-1,WM
AGAGATCTCTAAAGCG-1,L5
AGAGCAGTTATGAGAC-1,L4
AGAGCCGCCGAGATTT-1,L2
AGAGCGGGCTAATCAT-1,L4
AGAGCGTACAAGCTCG-1,L3
AGAGGCTTCGGAAACC-1,L3
AGAGGTATCTCGGTCC-1,L1
AGAGTAAACTTCACTA-1,L3
AGAGTTAGAGACCGAT-1,L2
AGATAACTTCAGGGCC-1,L5
AGATACCGGTGTTCAC-1,L6
AGATACGACTTCATAT-1,L3
AGATACTCAAGATCGA-1,L5
AGATATAATACGACTA-1,L5
AGATCGTGCATAAGAT-1,L3
AGATCTCAGGTGTGAT-1,L6
AGATGACTCGCCCACG-1,L5
AGATGAGGGTTGCGAT-1,L3
AGATGATGGAGTCTGG-1,L3
AGATGCAAGACGTGCA-1,WM
AGATGCTATAACGAGC-1,L1
AGATTATAGGACGTTT-1,L6
AGATTCACAACCGATA-1,WM
AGCAAAGGCCGCTAGT-1,L5
AGCAACATATCTTATT-1,L4
AGCAACCGAAAGTAAT-1,WM
AGCACACGTTTAGACT-1,WM
AGCACCAGTACTCACG-1,L6
AGCACTACCGGCCTGT-1,L5
AGCACTACCTCACCAG-1,L5
AGCACTTAAGGACGCC-1,L5
AGCAGAAGGAGAAAGA-1,L6
AGCAGCCAGATGAATA-1,L6
AGCATATCAATATGCT-1,L3
AGCATCATTTCGAAAG-1,WM
AGCATCGTCGATAATT-1,L5
AGCATTACGAGGCAAG-1,
AGCCAAGCTTTGTGTC-1,L6
AGCCACAGGTTACCCG-1,L3
AGCCACTCCCGTGCTT-1,L5
AGCCCATACATGTAAG-1,L6
AGCCCGGCATTAGAGG-1,WM
AGCCCGGTAGCCTGTA-1,L6
AGCCCTAAGCGAAGTT-1,L3
AGCCCTCCCTGGTGGC-1,WM
AGCCCTTCTAATCCGA-1,L3
AGCCGTGGCTAAATGT-1,WM
AGCCTAATACCCACGT-1,L6
AGCCTTAAAGCGGAAG-1,L3
AGCGACAGGAACGGTC-1,WM
AGCGACATCCCATTCA-1,L4
AGCGACCAACGATATT-1,L5
AGCGAGACGTGAAGGC-1,WM
AGCGATGCGCCTAATA-1,L3
AGCGCATAATGAATCG-1,L6
AGCGCGGGTGCCAATG-1,L4
AGCGCTTATGGGCAAG-1,L3
AGCGGACACTTCGTAG-1,L6
AGCGGCGGTTAGCGGT-1,L6
AGCGGGAAGGGTCCAT-1,L3
AGCGGGTCTGACACTC-1,L6
AGCGGTTGAGATGTAC-1,L2
AGCGTAGCGCTAGACC-1,L1
AGCGTCTGAACCCGCA-1,L1
AGCGTGGTATTCTACT-1,L6
AGCGTTCCGATTTAAA-1,L3
AGCTAACAAGCAATGT-1,WM
AGCTAAGTACGCAGGC-1,L3
AGCTAGAAGCAGAAGT-1,L3
AGCTATTTAATCCAAC-1,L4
AGCTCCATATATGTTC-1,L3
AGCTCCTTCGCACATC-1,L5
AGCTCTAGACGTTCCA-1,L6
AGCTCTTCCCAGTGCA-1,L4
AGCTCTTCGTAACCTT-1,L3
AGCTCTTTACTCAGTT-1,L6
AGCTGAAGTAAACCAA-1,L5
AGCTGTAACCTCAATC-1,WM
AGCTTATAGAGACCTG-1,L1
AGCTTCAATACTTTGA-1,L2
AGCTTGATCTTAACTT-1,L6
AGGAAAGCCTCTGATG-1,L1
AGGAAGCTGTCCGCCG-1,L6
AGGACAGTCGAATCCC-1,L5
AGGACATCGCACGTCG-1,L3
AGGACGACCCATTAGA-1,WM
AGGACGCTCGATGTTG-1,L3
AGGAGGCCTTCGCGCG-1,L3
AGGATAAAGTCGGGAT-1,L6
AGGATATAGGGATTTA-1,L4
AGGATCACGCGATCTG-1,L6
AGGCAAAGAGGAATCA-1,L1
AGGCACGTGACTGTCC-1,L2
AGGCAGATGCGTAAAC-1,L5
AGGCAGGGAGCGTACT-1,WM
AGGCATTGTCGTAGGG-1,L3
AGGCCACCCGTTATGA-1,L5
AGGCCCATTGTACAGG-1,L3
AGGCCCTAGAACGCCA-1,L6
AGGCCTGAGAATCTCG-1,L3
AGGCGGTTTGTCCCGC-1,WM
AGGCGTCTATGGACGG-1,L2
AGGCTATGGTTAGCTT-1,L4
AGGCTTCCCGAAGAAG-1,WM
AGGCTTGCTAGACACC-1,L3
AGGGAAACGAGGTACT-1,L3
AGGGACAGCACGGCGG-1,L1
AGGGACCGGCTGCGTT-1,L3
AGGGACTCTACGCGAC-1,L6
AGGGAGACATACTTCG-1,L2
AGGGCAGCGGCGTGGT-1,L3
AGGGCGAGCAGCTGAT-1,L6
AGGGCGTGATCGGCTA-1,L3
AGGGCTGCAGTTACAG-1,L6
AGGGTCAGAGCACTCG-1,WM
AGGGTCGATGCGAACT-1,L3
AGGGTGCCGTTCTTTA-1,WM
AGGGTGCTCTCGAGGG-1,L5
AGGGTGGATAGTGCAT-1,L3
AGGGTTCCCTTTGGTT-1,L5
AGGGTTTAGTTCGGGA-1,L6
AGGTAACCTCCTATTC-1,L3
AGGTACGATATTGCCA-1,L3
AGGTAGATCGAGATAT-1,WM
AGGTAGGTACAAAGCT-1,L5
AGGTATAATTGATAGT-1,L3
AGGTCAGGTGAGAGTG-1,L6
AGGTCGCCACTTCGGT-1,L1
AGGTCGCGGAGTTACT-1,L3
AGGTGGTGACCTTCGC-1,L6
AGGTGTATCGCCATGA-1,L5
AGGTTACACCATGCCG-1,L2
AGGTTCTCCTTTCCGG-1,WM
AGGTTGAGGCACGCTT-1,L5
AGGTTTCACACACCTT-1,L6
AGTAACGTTCATCCTG-1,L3
AGTAACTATAGCAGCC-1,
AGTAATGTCTTGCCGC-1,L4
AGTAATTTGCAAGCGT-1,WM
AGTACATCATTTATCA-1,L3
AGTACCTTCGAGTGCT-1,L1
AGTACGGCCCGTATCG-1,L5
AGTACGGGCACCTGGC-1,L5
AGTACGTGGCCTGTCT-1,L3
AGTACTCTTATGCCCA-1,L4
AGTAGAAGGCGCCTCA-1,L6
AGTAGCGTGAACGAAC-1,L3
AGTAGCTAGACGCCGA-1,L1
AGTAGGAAGGAAGTTG-1,L3
AGTAGGTAACATACAT-1,L3
AGTATAATACTAGGCA-1,L4
AGTATACACAGCGACA-1,L6
AGTATCCATAATAACG-1,L1
AGTATGCTGGAGACCA-1,WM
AGTATTTGGCACGACC-1,L6
AGTCAAATGATGTGAT-1,WM
AGTCAACACCACCATC-1,L6
AGTCAAGATGACACTT-1,L5
AGTCACTAGCTCTCGA-1,L3
AGTCACTCCGCCTCAT-1,L1
AGTCAGCCACCGCCTG-1,L3
AGTCCAGCGGGTACGT-1,L1
AGTCCATTGGCTGATG-1,L3
AGTCCCGCCTTTAATT-1,L3
AGTCGACGGTCTCAAG-1,L5
AGTCGGCCCAAACGAC-1,L5
AGTCGGCTCAACTTTA-1,L6
AGTCGGTTGCGTGAGA-1,L3
AGTCGTATAAAGCAGA-1,L4
AGTCGTCGACCACCAA-1,L3
AGTCGTGGGCATTACG-1,WM
AGTCTAAAGTATACTC-1,L3
AGTCTCACAAGACTAC-1,WM
AGTCTGGACATCCTTG-1,L3
AGTCTTCTCCTCAAAT-1,L5
AGTCTTTAAAGTGTCC-1,L5
AGTGAACAAACTTCTC-1,L3
AGTGACCTACTTTACG-1,WM
AGTGACTGTGACACAA-1,WM
AGTGAGACTTCCAGTA-1,L5
AGTGAGCCTCGCCGCC-1,L3
AGTGAGGGTTTCTGAC-1,L3
AGTGATAACCTGCGCG-1,L3
AGTGATATGAGTAGTT-1,WM
AGTGATTCAAGCAGGA-1,L5
AGTGCACGCTTAAGAA-1,L3
AGTGCGTAGCTCGTAA-1,WM
AGTGCTAAACACAGCA-1,L3
AGTGCTTGCACGAATA-1,L5
AGTGGCGGCAATTTGA-1,L4
AGTGGCGTCTGAAGGT-1,L3
AGTGGCTCCGTCGGCC-1,L5
AGTGGTGTTACCCGTG-1,L6
AGTGTATTGCGCATTG-1,L3
AGTGTGCTAAGATCGC-1,L1
AGTGTGGTCTATTGTG-1,L3
AGTTAAACACTTGCGA-1,L6
AGTTAAGCGGTCCCGG-1,L4
AGTTAAGTCAACCGCT-1,WM
AGTTACCGCACATGGT-1,L3
AGTTACTCTATCGTGG-1,L3
AGTTATTGAAAGGTAA-1,L3
AGTTCCTACAGAATTA-1,L5
AGTTCCTATTTATGTT-1,L6
AGTTCTGCGTTGTATC-1,L1
AGTTGACATCGGCTGG-1,L1
AGTTGACGGTCCTTGC-1,L6
AGTTGCTGACTGATAT-1,L2
AGTTTCGCAGGTCGGA-1,L3
AGTTTGCACCTGCCTC-1,L5
AGTTTGGCACGGGTTG-1,L3
AGTTTGGCCAGACCTA-1,WM
ATAAACCATTGGACGG-1,L1
ATAAACGGACCCGTAA-1,L6
ATAAACGTTGCACCAC-1,L3
ATAAAGGCTCGGTCGT-1,L6
ATAAAGGTCAAGTACG-1,L3
ATAAATATTAGCAGCT-1,L5
ATAACGCCGGAGGGTC-1,L5
ATAACGGAGTCCAACG-1,L5
ATAAGGTGGAGAACAT-1,L6
ATAAGTAGGATTCAGA-1,L3
ATAAGTAGGGCGACTC-1,L3
ATAAGTTACCGCGACG-1,WM
ATAATACCGTTAGCCG-1,L2
ATAATAGCTGTTGAAT-1,L6
ATAATAGTGTAGGGAC-1,L3
ATAATCTTGGAGAACC-1,L5
ATAATTAGCTAAGTAG-1,L6
ATACAGGCCCTCCAAT-1,L5
ATACCACGGGCAACTT-1,L5
ATACCAGCAAATTGCT-1,L2
ATACCAGGCTAATAGA-1,L3
ATACCAGGTGAGCGAT-1,L1
ATACCTAACCAAGAAA-1,L6
ATACGCCGATCTACCG-1,L1
ATACGCCGGCGAAACC-1,L5
ATACGGAACGTCGTTT-1,WM
ATACGGGTTTCGATTG-1,L5
ATACGGTGAAGATGCA-1,L4
ATACGTACTTAGCCAC-1,L5
ATACGTCCACTCCTGT-1,L4
ATACGTTATGCACGGA-1,L6
ATACTACCCGTACCAC-1,L3
ATACTAGCATGACCCT-1,L5
ATACTCTCGCCACTCT-1,L1
ATACTGCCTTACACCG-1,L5
ATACTTGTTCTCGAGC-1,L3
ATAGACAACGGGACCT-1,L4
ATAGACGAAGAGAAAG-1,L6
ATAGAGTACTGGGACA-1,L5
ATAGAGTTATCAACTT-1,L4
ATAGATTTGCAGTCGG-1,L2
ATAGCAACTAGGGAAG-1,L3
ATAGCCTCAGTACCCA-1,L2
ATAGCTGCTCTTGTTA-1,L1
ATAGGAATCTAAGCTT-1,L1
ATAGGCGGCTATAGAA-1,L6
ATAGGCTAGCTTCGCA-1,L3
ATAGGGATATCCTTGA-1,L5
ATAGGTTGGGCAGATG-1,L6
ATAGTCTTTGACGTGC-1,L3
ATAGTGAAGCGTTCTC-1,L6
ATAGTTCCACCCACTC-1,L3
ATATAAAGCGCTCGTG-1,L6
ATATAAATGTAGCTGC-1,L5
ATATAACACGGGCGCA-1,L3
ATATACGCTCGTGACG-1,L3
ATATAGAGTATTGGTC-1,WM
ATATCAACCTACAGAG-1,L3
ATATCAATTCCAGCCT-1,WM
ATATCGGTAGGGAGAT-1,L3
ATATCGTGCCAGACCC-1,L3
ATATCGTTCCTCGAAC-1,L3
ATATCTCCCTCGTTAA-1,L4
ATATCTTAGGGCCTTC-1,L6
ATATGTCTCCCTAGCC-1,L3
ATATTCAGTTAAACCT-1,WM
ATATTCCACATAGTGA-1,L5
ATATTCCCACAGGTCA-1,L3
ATATTGCTGTCAAAGT-1,L3
ATATTTAACCCTCAAG-1,L6
ATCAAACACTGTTCCA-1,L3
ATCAAACGAAGGTTTG-1,WM
ATCAATCTGGGCTGCA-1,L6
ATCAATGCCGTGGCTG-1,WM
ATCACATTAGAATATC-1,L5
ATCACGTGCTAATTAA-1,WM
ATCACTTCATCCTCGC-1,L5
ATCAGACGGCACGCCG-1,WM
ATCAGCCTCATGCTGC-1,L4
ATCAGCTCGTCCACTA-1,L6
ATCAGGTCGCCATTGC-1,L3
ATCAGTAGGCAGGGAT-1,L5
ATCATAGCCCTATGTA-1,L3
ATCATCCAATATTTGT-1,L6
ATCATCTGCCCAGTGT-1,L3
ATCCAACGCAGTCATA-1,L5
ATCCAATGGAGGGTCC-1,L6
ATCCACATCGACAGAA-1,L5
ATCCACGCTAAATGTT-1,L3
ATCCAGAGCAACAACC-1,L6
ATCCAGGATTCGTGAA-1,L6
ATCCCATCCACAGCGC-1,WM
ATCCTACCTAAGCTCT-1,WM
ATCCTGAATCGCTGCG-1,L5
ATCCTGCGTGGAATGG-1,WM
ATCCTGCTGCAGATAG-1,L1
ATCGACCCAATACAGA-1,L6
ATCGACTCTTTCCGTT-1,L5
ATCGCACGATTGTTCA-1,L1
ATCGCACGCCGGGAGA-1,L5
ATCGCCAGTCAACATT-1,L3
ATCGCTGCGTGCAGCA-1,L2
ATCGGAGACAGACGGC-1,L5
ATCGGCAAGCAGTCCA-1,L3
ATCGTGGAAAGTCTGG-1,WM
ATCGTTAGCTAGCGGA-1,L3
ATCGTTCACTTTCGCC-1,L3
ATCTAATATCCTACGG-1,L6
ATCTAGCTTGTGAGGG-1,L6
ATCTCCCACGGAATAT-1,L3
ATCTCCCTGCAATCTA-1,L4
ATCTCGTGAGCGAAAC-1,L2
ATCTGACATGGAAGGA-1,WM
ATCTGATAGTGTCTTA-1,L1
ATCTGCACCTCTGCGA-1,L3
ATCTGCTGTTATCGCC-1,L6
ATCTGGGCTGTTCTTG-1,L6
ATCTGGTTAAGACTGT-1,L5
ATCTGTAATTGTACCC-1,L3
ATCTTAGGGCATTAAT-1,WM
ATCTTATCGCACACCC-1,L3
ATCTTGACCTGCAACG-1,L5
ATCTTGACTTGTCCAA-1,L3
ATGAAGCCAAGGAGCC-1,L5
ATGACGCCGGCTCTAA-1,L4
ATGACGCGTTCTATCC-1,WM
ATGACTATCAGCTGTG-1,WM
ATGACTATGCGACATT-1,L5
ATGAGGAGTGTTAATC-1,L4
ATGATCGGGAATAGAC-1,L4
ATGATGCAATGGTACA-1,WM
ATGCACGCGCTGTTCA-1,WM
ATGCACTACCGCATTG-1,L5
ATGCATGATCCAGGAT-1,L5
ATGCATTCCGTGATGG-1,L1
ATGCCAATCGCTCTGC-1,L3
ATGCCATTTGCGACCA-1,L5
ATGCCGGTCTTGCATA-1,L6
ATGCCGGTTGATGGGA-1,L5
ATGCGACAATTGGTCC-1,L2
ATGCGACAGTCCCATT-1,L6
ATGCGAGTCCCACCAC-1,L3
ATGCTCAGTGTTGCAT-1,L3
ATGCTCTGGCGCGGTA-1,L5
ATGCTTAGGAGTTGAT-1,L2
ATGGAAATTTAAGGAG-1,WM
ATGGAGCAGGCCGTGA-1,L6
ATGGATCCGGCGTCCG-1,L5
ATGGATTGACCAAACG-1,L6
ATGGCAGCATTACGAT-1,WM
ATGGCTGGAAATGGCC-1,L3
ATGGGAACGGAAGCGG-1,L3
ATGGGACCTGCTGAAC-1,WM
ATGGGCCTCGGCCTCT-1,L5
ATGGGTGTATACCTCC-1,WM
ATGGTATTTACTGATT-1,WM
ATGGTCGCGTGGTTTC-1,L5
ATGGTGCTCAAAGCCA-1,L1
ATGTAAGGCTGCTCTT-1,L3
ATGTACATGCGGTGAG-1,L2
ATGTACGATGACGTCG-1,L6
ATGTAGCGCGCGTAGG-1,L5
ATGTGAAAGCCTAATG-1,L6
ATGTGCATCCGACGCA-1,L5
ATGTGGACATCTTGAT-1,L6
ATGTGTAGTTTAGTCA-1,L2
ATGTTACGAGCAATAC-1,L3
ATGTTCGTCGACCCAC-1,L5
ATGTTGTAGTCTGTTT-1,L6
ATTAAACATGCGGACC-1,L6
ATTAATACTACGCGGG-1,L5
ATTAATGAACCAGTCG-1,L5
ATTAATTCGGTCACTC-1,L3
ATTACAACTACCGGCC-1,L3
ATTACATGTCAGTCTT-1,L3
ATTACCACACTGCCTG-1,L2
ATTACGCGCTGGCAGG-1,L6
ATTACTAGCCTCTTGC-1,L3
ATTACTTACTGGGCAT-1,L3
ATTAGATTCCTCAGCA-1,L3
ATTAGATTGATAGCGG-1,L4
ATTAGGCGATGCTTTC-1,L6
ATTATACTTTGCTCGT-1,L5
ATTATAGCTACTTTAC-1,L2
ATTATCTCGACAGATC-1,L3
ATTATGAGACCCAATT-1,WM
ATTATGCCATAGGGAG-1,L5
ATTATTATGTCCGTCA-1,WM
ATTCAAAGTACCTGTT-1,L1
ATTCAACCATTTAAGG-1,L3
ATTCACTGATGTTGGA-1,L6
ATTCAGGACCTATTTC-1,L3
ATTCAGGATCGCCTCT-1,L3
ATTCAGTAGCAGGGTC-1,L4
ATTCATATACTGTCCA-1,L6
ATTCATCGTTGAGGCA-1,L3
ATTCCCACATAAACAA-1,L3
ATTCCTAAGACGTGGA-1,L2
ATTCCTCCGCCAGTGC-1,L4
ATTCCTTCCAGGCGGT-1,L1
ATTCGACGCCGGGCCT-1,L5
ATTCGTGCTATCTCTT-1,L3
ATTCTCGTCTCTTTAG-1,L3
ATTCTGAGTATGAACT-1,L3
ATTCTTCGTACTTATG-1,L3
ATTGAAGATCTTAGTG-1,L6
ATTGACGTAACTCGGT-1,L3
ATTGATAGCAACGAGA-1,L1
ATTGATCACCACATTT-1,L6
ATTGATGAGTCCTAAC-1,L3
ATTGCCTATTAGACCG-1,WM
ATTGCCTTTATGTTTG-1,L4
ATTGCGATCAGTAACT-1,L3
ATTGCTGCTCCTCCAT-1,L6
ATTGGATTACAGCGTA-1,L3
ATTGGGAATATCTTGG-1,L3
ATTGGTTGTGCATTAC-1,
ATTGTACAACTCGGCT-1,L3
ATTGTCGCAATACCTT-1,L3
ATTGTGACTTCGCTGC-1,L1
ATTTAACTCGTATTAC-1,L3
ATTTACAGTTTACTGG-1,L5
ATTTACTAAGTCCATT-1,L3
ATTTCATTATTTCGCG-1,L3
ATTTCCGGGTTCTGCG-1,WM
ATTTGCCTAGTTACGA-1,L1
ATTTGCGCGAGTAGCT-1,WM
ATTTGTCTTGGGAGCT-1,L5
ATTTGTTCCAGGGCTC-1,L5
CAAACGAGTATCGCAG-1,WM
CAAACGGTCGCACTTT-1,L5
CAAACGTGGTCTTGCG-1,L3
CAAACTACGATAGAGA-1,L3
CAAACTATTGAGCTTC-1,L3
CAAACTCGCGACGCCG-1,L3
CAAAGATTATTGGGCC-1,WM
CAAATCTCTCACAAGG-1,L6
CAAATGCGGAGTGTTC-1,L1
CAAATGTCCTTCCGTG-1,L6
CAAATTGTCAGCAAGC-1,L3
CAACAGAATAACGCTA-1,L2
CAACAGTGCCAAACGG-1,L2
CAACATGGCCTGATAA-1,L1
CAACCTACCGAGCAGT-1,L3
CAACGACCCGTTTACA-1,L5
CAACGGTTCTTGATAC-1,L3
CAACGTGGTGGAGTCT-1,L2
CAACTATATCGAATGC-1,L3
CAACTCCAACGTTTAG-1,L3
CAACTCCGTAACTTGC-1,L1
CAACTCCTTGATCCCG-1,L3
CAACTGCTCATCCGAT-1,L6
CAACTTGTAGTGGGCA-1,L2
CAAGAGGGCGGAGTAC-1,L6
CAAGATATTATAACGT-1,L5
CAAGCAACGTCGGAGT-1,L5
CAAGCACCAAATGCCT-1,L5
CAAGCGGCACATAATT-1,L6
CAAGGATCGCATGTTC-1,L6
CAAGGTCCTATAGGCT-1,L3
CAAGTGAACTTTGGTT-1,L2
CAAGTGTGGTTGCAAA-1,L4
CAATAAACCTTGGCCC-1,L5
CAATACGCTCTGAGGC-1,L5
CAATATGTAGATTTAC-1,L1
CAATATTCTTGACCTA-1,WM
CAATCCATTATCCGTT-1,L1
CAATCCCTATACCAGC-1,L3
CAATCCTGCCGTGGAG-1,L2
CAATGCGAGAAGTATC-1,L5
CAATGGAATCTACATA-1,L3
CAATGGATCTCTACCA-1,L5
CAATGGTCGGCCTGGG-1,L2
CAATGTGCCAACCCTT-1,L2
CAATTAAGGGTGATGA-1,L6
CAATTTCGTATAAGGG-1,L6
CAATTTGACCGGGAAG-1,L1
CACAAGAAAGATATTA-1,L1
CACAAGCTAAGAAAGG-1,WM
CACAATGAGCTGCTAT-1,L6
CACACACGCTAACGAG-1,L3
CACACAGCTTGCGCTC-1,L2
CACACAGGGATAGATT-1,L3
CACACGCGCTGTCTTA-1,L5
CACACGTTTCAATGGG-1,L3
CACACTTGTATTGCGA-1,L1
CACAGAGACGAGGACG-1,WM
CACAGCACCCACGGCA-1,L6
CACAGCTAGGGAGTGA-1,L5
CACAGGGCCATATAGT-1,L3
CACAGGGCCGTTGTCA-1,L6
CACAGTCCCGCTTCGC-1,L2
CACAGTTCGCTTCCCA-1,L2
CACATAAGGCGACCGT-1,L1
CACATATTAGCAGGAT-1,L6
CACATCGTGCACGCGC-1,WM
CACATCTCACCGACGA-1,L5
CACATGATTCAGCAAC-1,L6
CACATGTTTGGACATG-1,L1
CACATTCTTTCGATGG-1,L3
CACATTTCTTGTCAGA-1,L3
CACCAGTCAGCATGCA-1,WM
CACCATCGGAGGAGAC-1,L3
CACCCAAATCTTATGT-1,L3
CACCCACACGTCACCC-1,L3
CACCCACGAGGCAATT-1,L4
CACCCGGTTTGTGACT-1,WM
CACCCTAACAAGATCT-1,L5
CACCCTTGGTGAGACC-1,L6
CACCCTTTCCTCGCTC-1,L1
CACCGATACACCGAGC-1,L3
CACCGCCAGAAGGTTT-1,L5
CACCGCCGACCAGCGA-1,L3
CACCGCGTCCACTCTA-1,L3
CACCGGAGATATCTCC-1,L3
CACCGGTAGAGACATT-1,WM
CACCGTATCCCATCCG-1,L3
CACCGTTAGGGATCAC-1,WM
CACCGTTGCGCGATAT-1,L6
CACCTAATAGAGTCGT-1,L3
CACCTAATCAGTTTAC-1,L5
CACCTCGATGGTGGAC-1,L5
CACCTTGCGAAACTCG-1,L5
CACCTTGGCGCCTTTG-1,L3
CACGAAAGTTAGTCCC-1,L5
CACGACCACAGACTTT-1,L1
CACGACGTAATAGTAA-1,L1
CACGACTAAAGTTCTG-1,L1
CACGATTGGTCGTTAA-1,L1
CACGCACAGCGCAGCT-1,L5
CACGCAGCGAGGCTTT-1,L5
CACGCGGAACTGTTGC-1,L3
CACGGCGCGCCAAAGG-1,L3
CACGGGATTGAGGGTT-1,L3
CACGTCGGCAACCTCT-1,WM
CACGTCTATGATGTGG-1,L3
CACGTTCGTGCTCTAG-1,L5
CACGTTTCGTACACAC-1,L4
CACTAAAGTTGCCTAT-1,L6
CACTACGGGAGCTGCC-1,L3
CACTACTCAGTTCTGT-1,L3
CACTCAAGAGCTATGG-1,L6
CACTCAGCTCTTGAGG-1,L3
CACTCCTATGTAAGAT-1,WM
CACTCCTCTCGGTCGG-1,L3
CACTCGAGCTGAACAA-1,L6
CACTCGGTTAGGAGGA-1,L5
CACTCTTCTGCTAGCC-1,L3
CACTGACGATTGTGGA-1,L6
CACTGTCCAAGTGAGA-1,L3
CACTTAATCAGACGGA-1,L6
CACTTCGCCACAGGCT-1,L3
CACTTCGTCTTATCTC-1,L1
CAGAACTTAGCCCTCT-1,L5
CAGAATAACACACGGA-1,L3
CAGACACCGATCGCTG-1,WM
CAGACCTGTAAGTGTT-1,L3
CAGACGAACCTGATAC-1,WM
CAGAGACGGTCACCCA-1,L6
CAGAGCATGAGCTTGC-1,L5
CAGAGGCGATGCATGA-1,WM
CAGAGTGATTTAACGT-1,L3
CAGATACTAACATAGT-1,L5
CAGATATGAAGATGAC-1,WM
CAGATCATTTAAAGTC-1,L3
CAGATCCTGGTTTGAA-1,WM
CAGCAGCCCGTTCCTT-1,L5
CAGCAGTCCAGACTAT-1,L3
CAGCAGTCTGTGCTGC-1,L5
CAGCCCTCACAGGCAG-1,L2
CAGCCGGGCCCTCTAT-1,L3
CAGCCTCCTGCAGAGG-1,L5
CAGCCTCTCCTCAAGA-1,L3
CAGCGATTCCCTTCAA-1,WM
CAGCTCACTGAGACAT-1,L6
CAGCTCGACAAGTTAA-1,L5
CAGCTCGTGCTTGTGT-1,L3
CAGCTGGCGTAACCGT-1,L6
CAGCTTAGTAGGTAGC-1,L5
CAGGAAGACTTTATAT-1,L3
CAGGATATATCGTTGT-1,L6
CAGGATCCGCCCGACC-1,L1
CAGGCAGTCTTACCAG-1,L3
CAGGCCGTTTGGGTGT-1,L6
CAGGCGCACGGTGGTC-1,WM
CAGGCGCCATGCTAGG-1,L6
CAGTAACTATTTATTG-1,L3
CAGTAATCCCTCCCAG-1,L3
CAGTACATTCTCTAAA-1,L3
CAGTACCAGTTTACGT-1,L6
CAGTAGCCCACGCGGT-1,L4
CAGTAGCGAGGTAGTA-1,L1
CAGTCGAGGATGCAAT-1,L3
CAGTCTCTCGGCTAAT-1,L1
CAGTCTGTATACTGGG-1,L6
CAGTGAATAAATGACT-1,L5
CAGTGGTTGCACATGA-1,L3
CAGTGTCCGCAGAATG-1,L3
CAGTGTCGGCTGGCCC-1,L4
CAGTGTTAATCTCTCA-1,WM
CAGTTCAAATTGACAC-1,L5
CAGTTCCGCGGGTCGA-1,L4
CATAACGGACAGTCGT-1,L4
CATAAGAAGCTTGGCT-1,L5
CATAAGCTCTCCGTCT-1,L5
CATAATGAGCGGGCGA-1,L1
CATACAAAGCCGAACC-1,L3
CATACACGGTTCCCAC-1,L6
CATACCCGTACCCAGT-1,L5
CATACGAACTAGCTGG-1,WM
CATACGGCGTCTGGGC-1,L6
CATACGGGTGCATGAT-1,L1
CATACTATGTAATTGT-1,L6
CATACTTAGGCAATAC-1,L3
CATAGCCGCCCGGGAT-1,L3
CATAGCGTTGCCCACC-1,WM
CATAGTACATTGAGAG-1,L3
CATAGTAGCATAGTAG-1,L4
CATAGTCAAATACATA-1,L3
CATAGTCCACAAGAAC-1,L6
CATATACTACTGATAA-1,L3
CATATAGGTACAGTCA-1,L6
CATATGTCAGGCTACG-1,L6
CATATTATTTGCCCTA-1,L3
CATCATCTACCCGGAC-1,L3
CATCATTACCCTGAGG-1,L3
CATCCAATATAGTTTG-1,WM
CATCCGCAGGCCCGAA-1,L1
CATCCTCTCAAAGATC-1,L3
CATCGAATGGATCTCT-1,L1
CATCGCCCGCGGCCAA-1,L3
CATCGGACGGGTTAAT-1,L6
CATCTATCCCGTGTCT-1,L3
CATCTTACACCACCTC-1,L3
CATGAACCGACATTTG-1,L3
CATGAACCTCTTATCA-1,L3
CATGACTTCGCTGAAT-1,L3
CATGAGATGCACTCTC-1,L5
CATGATCGCTTTGAGA-1,
CATGATGCACAATTCT-1,L5
CATGATGGAAGTTAGC-1,L3
CATGCACGTGTTACTG-1,L3
CATGCATGGAGACCCT-1,L3
CATGCCAACTCGCAAA-1,L6
CATGCGACCAGTTTAA-1,L3
CATGCGTTAGACAGAA-1,L3
CATGCTGGCTCCAATT-1,L3
CATGGAAATGGGACCA-1,L1
CATGGATTGTCTTCCG-1,L3
CATGGCAGGAAGATCG-1,L4
CATGGGTATGCCTTAT-1,L5
CATGGGTCGGGTGTGG-1,L5
CATGGTAAGTAGCGTT-1,L6
CATGGTATTAGTTTGT-1,WM
CATGGTCTAGATACCG-1,L6
CATGTAAGAGACATTT-1,L4
CATGTAGGAGCGCCAA-1,L2
CATGTCTCATTTATGG-1,L5
CATTACGTCGGCCCGT-1,L5
CATTATAACAGGGTCC-1,L2
CATTATCCCATTAACG-1,WM
CATTATGCTTGTTGTG-1,L5
CATTCACTGACAGCTA-1,L3
CATTCAGGTCAGTGCG-1,L1
CATTCCCTAAGTACAA-1,L1
CATTGCAAAGCATAAT-1,L2
CATTGCGAAATGGGCG-1,L5
CATTGTGTGCTAGATC-1,L1
CATTTAGCGGACCATG-1,L5
CATTTATCGTTCAAGA-1,L3
CATTTCTAGCAGACTA-1,L3
CATTTGAGTGGTACGT-1,WM
CCAAACAGAACCCTCG-1,L5
CCAAAGCAGTTGGTTG-1,L1
CCAAATAACAAGATTC-1,L2
CCAACCTTATGTAACT-1,WM
CCAACGATGCACTGAT-1,L5
CCAACGCTTGCCAGGG-1,L3
CCAAGAAAGTGGGCGA-1,L6
CCAAGACTTCTGCGAA-1,L5
CCAAGCGTAACTCGTA-1,L6
CCAAGGAACAGAGAGG-1,L3
CCAATAGTGCCGTCGA-1,L6
CCAATCGGTAGATCGA-1,L3
CCAATGTCACAGCAAG-1,L6
CCAATTACGGGTCGAG-1,L3
CCAATTGAATGTTAAT-1,L4
CCACAATGTACGTCTT-1,L5
CCACACTGAGATATTA-1,L6
CCACAGCTGAAATCAT-1,L1
CCACAGTACCCATCCT-1,L4
CCACATACTGCACCCA-1,L2
CCACCAACTTTACTGT-1,WM
CCACCCAAGGAAAGTG-1,L6
CCACGAATTTAACCTC-1,L3
CCACGAGAAGAGAATC-1,L4
CCACGGAGCCATAAGA-1,L6
CCACGGTGCCCGGTAG-1,L3
CCACTAAACTGAATCG-1,L1
CCACTGGTGGCTGGTT-1,L5
CCACTGTTTGGATTAA-1,L3
CCAGAAAGCAACTCAT-1,WM
CCAGAGACAAAGCCGG-1,L3
CCAGATAGTTGAGTGA-1,L5
CCAGCCTGGACCAATA-1,L6
CCAGCTACGCCTCATA-1,L1
CCAGCTCGAACGCATT-1,L6
CCAGCTGATGGTACTT-1,L5
CCAGCTTCCGCCCGCA-1,L3
CCAGGGACGTGGCCTC-1,L5
CCAGTAGTCTGATCCA-1,L4
CCAGTCAAATCTCTTA-1,L5
CCAGTCCATTATTCGA-1,L1
CCAGTCTAGACGGCGC-1,L5
CCAGTCTTGTCATAGA-1,L6
CCATAAACAACCCGAC-1,L3
CCATACCTTTACTTGT-1,L3
CCATAGGTTGGCGTGG-1,L5
CCATAGTCAGTAACCC-1,L2
CCATATGGAAACTATA-1,L3
CCATATTGGATCATGA-1,L1
CCATCCATACCAAGTC-1,L3
CCATCGCAGTTAAACT-1,L6
CCATCTCACCAGTGAA-1,L3
CCATCTTGTTCACAAT-1,L1
CCATGCCCTAGATTTC-1,L3
CCATGCCTGTTTAGTA-1,L6
CCATGCTCTGCAGGAA-1,L4
CCATGGCCCTTGTACC-1,L5
CCATGTTCATCTATAT-1,WM
CCATTAGCGATAATCC-1,L5
CCATTCCCTGCCCACA-1,L5
CCATTTCTACCTATTA-1,L6
CCCAAACATGCTGCTC-1,L5
CCCAACATACGTCGCG-1,L6
CCCAACCACACTAACA-1,L3
CCCAAGAATGCACGGT-1,L3
CCCAAGACAGAGTATG-1,L1
CCCAATGAGATTTGCA-1,WM
CCCAATTTCACAACTT-1,L6
CCCAGAGGAGGGCGTA-1,L3
CCCAGGTCTGAAGGCT-1,L3
CCCAGTAAACTTGGGA-1,WM
CCCAGTTAAGGCGCCG-1,L5
CCCATATAGGTCGATT-1,
CCCGAAGTTTCGCGAA-1,L6
CCCGACCATAGTCCGC-1,L5
CCCGAGTTTCTCCGTA-1,L3
CCCGCAGCGCGAACTA-1,L6
CCCGCAGGGCCCAAAG-1,L3
CCCGCCATGCTCCCGT-1,L3
CCCGCGCAATGCACCC-1,L3
CCCGCTAGAGGGTTAA-1,L2
CCCGGCACGTGTCAGG-1,
CCCGGGTCGTTCAGGG-1,L6
CCCGGTGGAAGAACCT-1,L3
CCCGGTGTATCGGAAT-1,WM
CCCGTAAGTCTAGGCC-1,L6
CCCGTAGCTGGGAAGA-1,WM
CCCGTCAGCGTCTGAC-1,L5
CCCGTTTCGCAGATGT-1,L3
CCCTAGTGTCAGGTGT-1,L1
CCCTATGTAGAGCAGA-1,WM
CCCTCATTCTGGAATT-1,L3
CCCTCCTCGCTCGTAT-1,L3
CCCTCGGGAGCCTTGT-1,L1
CCCTGAAATGAGTTGA-1,L5
CCCTGACTAACAAATT-1,L5
CCCTGATGTAACTCGT-1,L1
CCCTGCCCAATCCGCT-1,L5
CCCTGCGCTACGCATA-1,L5
CCCTGGTATGGGCGGC-1,L3
CCCTGTTGGCAAAGAC-1,L1
CCCTTCTCGTACGCGA-1,L1
CCCTTTAATGGAGTTC-1,L3
CCCTTTGACAGGTCTT-1,L6
CCGAAAGTGGTGAGCA-1,L3
CCGAACACTGGGCCTC-1,L6
CCGAACCTTCCCGGCC-1,L6
CCGAAGTATATTGTTC-1,L3
CCGACAAACACATGAG-1,L2
CCGACAAAGGGAGTGC-1,L5
CCGACAATAGGCCGCC-1,L2
CCGACGGGCATGAGGT-1,WM
CCGACGTAAACACAAC-1,L3
CCGACTCGCATAGTCT-1,L3
CCGAGAAGTCGCATAA-1,L3
CCGAGCTGTGCTTGTC-1,L2
CCGAGGGATGTTAGGC-1,L3
CCGATCTCAACCTTAT-1,L3
CCGATTCGAGGGACCC-1,L5
CCGATTGGTCAATGAA-1,L1
CCGCACAAAGACCAAC-1,L6
CCGCACGTGACCTCGG-1,L4
CCGCATGTGGTACGAT-1,L6
CCGCCACCACAATCCA-1,L3
CCGCCGGAACTTCTCG-1,WM
CCGCCGGTCAACACAC-1,L3
CCGCCGTTGAGGATAA-1,L2
CCGCCTGCGAATTGGT-1,L3
CCGCGATTTGGTAGGT-1,L5
CCGCGGAATGCGTCAC-1,WM
CCGCGGGTACGAAGAA-1,L5
CCGCGTAGGTAAGGGC-1,L4
CCGCTATCAGCACCAG-1,L6
CCGCTCTTCCGAACTA-1,L3
CCGCTGGTGCCATTCA-1,L3
CCGCTTACCTCACTCT-1,WM
CCGCTTCGCGGTTAAC-1,L1
CCGCTTGCTGACATGG-1,L2
CCGGAATGGTTTCAGT-1,L4
CCGGAGCGTACTTTCT-1,L6
CCGGCACGACCGTTTC-1,L3
CCGGCGCATATTGGAT-1,L3
CCGGCGTGAGACTCTG-1,L6
CCGGGACCCGCAGAGA-1,L3
CCGGGCGGTCTCGTCA-1,L6
CCGGGCTAAGAATTTC-1,WM
CCGGGCTGCTCCATAC-1,L5
CCGGGTTCGAGGTTAC-1,L6
CCGGTAATGGCTAGTC-1,L2
CCGGTTTGTAATTGTG-1,WM
CCGTAAGTTGGTCCCA-1,L6
CCGTACCCAAGCGCCA-1,L2
CCGTAGGAAATCCCTG-1,L3
CCGTAGGGTTGTTTAC-1,L3
CCGTATCTCGTCGTAG-1,WM
CCGTATTAGCGCAGTT-1,L2
CCGTCAACCTCTGGCG-1,WM
CCGTGCCCATGACGGC-1,L3
CCGTGGAACGATCCAA-1,L3
CCGTGTTAAATTCCAT-1,WM
CCGTTACGTTAGAACA-1,L4
CCGTTCCGAATCTCGG-1,L5
CCTAAACAGGGTCCGT-1,L1
CCTAAAGGCTGACGCT-1,L3
CCTAAATTAACGGTTC-1,L6
CCTAAATTGTATCCTA-1,L2
CCTAACCCAAACAAGT-1,L5
CCTAACTAAGGCTCTA-1,L3
CCTAAGTGTCTAACCG-1,L1
CCTACAAGTCCGGAAT-1,L1
CCTACATTCACAGACG-1,WM
CCTACGCGACCTTACA-1,L3
CCTACGGCTCAGTCGA-1,L3
CCTACTGCTTACACTT-1,L5
CCTAGGCGTAGCGATC-1,L5
CCTAGGTAAAGGTAGC-1,L6
CCTAGTTAGTCGCATG-1,L3
CCTATAATGAGTGCCC-1,L5
CCTATACCGTCCTGTC-1,WM
CCTATATCGTGTCACG-1,WM
CCTATATTTGTCCTGG-1,L6
CCTATCTATATCGGAA-1,L5
CCTATGAAGTGGTGCC-1,L3
CCTATGGCTCCTAGTG-1,WM
CCTATGGGTTACCGTC-1,L6
CCTATGGTCAAAGCTG-1,L6
CCTATGTCCACTCCAC-1,L3
CCTCACCAATCTTGAC-1,L3
CCTCACCTGAGGGAGC-1,L3
CCTCACCTTAGCATCG-1,L3
CCTCATGCAGCTACGA-1,L1
CCTCCCGACAATCCCT-1,L3
CCTCCGACAATTCAAG-1,L5
CCTCCTAGCTAGAGTC-1,WM
CCTCCTGTTGTGTCGT-1,L3
CCTCGAAGTGGACGGG-1,L3
CCTCGACCCACTGCCT-1,L3
CCTCGCCAGCAAATTA-1,L5
CCTCGCGCGATATAGG-1,L3
CCTCGCGCTGTGCGAT-1,L6
CCTCGGACCGGGATAG-1,L5
CCTCGGATGCTACCTG-1,L3
CCTCGGTTTCCTTGCC-1,WM
CCTCTAATCTGCCAAG-1,L5
CCTCTACAAGGATTGG-1,WM
CCTCTATCGATTAGCA-1,WM
CCTCTCTCCCATCTAG-1,L5
CCTCTGGCCTAGACGG-1,L3
CCTCTGTACTATTCTA-1,L6
CCTGAACGATATATTC-1,L5
CCTGAATATTTACATA-1,L5
CCTGACCACCGATGGT-1,L6
CCTGACGCAACCTTTA-1,L3
CCTGCGTTCTACGCTT-1,L4
CCTGCTATTTGAGAAG-1,L5
CCTGGAAACGTTCTGC-1,L3
CCTGGCTAGACCCGCC-1,L5
CCTGGTCGAATGTGGG-1,L6
CCTGTAAGACATGATA-1,L6
CCTGTACTCACGCCCA-1,L6
CCTGTCACCCGGGCTC-1,L6
CCTGTCCCTCACGTTA-1,L2
CCTGTCGCCCGTAAAT-1,L6
CCTGTGCATAGGAGAC-1,L1
CCTGTGCGGATTGTAA-1,L1
CCTGTTTGAAGACACG-1,L3
CCTTCAGTTAAAGTGA-1,WM
CCTTCGTATAGAATCC-1,L6
CCTTCTCAGCGTTCCT-1,L6
CCTTCTTGATCCAGTG-1,L5
CCTTGACCACTTTATT-1,L3
CCTTTAAGGGAGCACT-1,WM
CCTTTCAATGAAGAAA-1,L3
CCTTTGAATTATGGCT-1,WM
CGAAACATAGATGGCA-1,L3
CGAAACGCAATTCATG-1,L6
CGAACAGTATGGGCGT-1,L3
CGAACCCGCATGCGTC-1,WM
CGAACGCCCAGTGCCG-1,L3
CGAACGGCCGGACAAC-1,L6
CGAAGACTGCCCGGGA-1,L1
CGAAGCTATAAATTCA-1,L3
CGAAGGGTTTCAGATT-1,WM
CGAAGTTGCTCTGTGT-1,L5
CGAATCTGCTCGACGC-1,WM
CGAATGAAGTCATTGC-1,WM
CGAATGACGCATAATG-1,L6
CGAATTACATGGTGTT-1,L2
CGACAATTTGATCTAA-1,L4
CGACACGCTCCGACAG-1,L4
CGACAGTTCGCGTTAT-1,L6
CGACATGCGATCTTCT-1,L3
CGACCCTTAACGCCGG-1,L6
CGACGCATCCGTACCT-1,L6
CGACTCAGGATGTTAT-1,L4
CGACTTTGTATAGCCT-1,L3
CGAGACCCTAGAGTGT-1,L6
CGAGAGATGTGAACCT-1,L6
CGAGAGCGCGTAGATA-1,L5
CGAGAGCTTTCACTAC-1,L3
CGAGAGGGTAGCCGCG-1,L3
CGAGATGTTGCCTATA-1,L1
CGAGATTTCGCTCGGG-1,L2
CGAGCACTTCAAGTTT-1,L3
CGAGCGTTGATCAGCC-1,L3
CGAGCTGGGCTTTAGG-1,L4
CGAGGCCAGGCATTGG-1,L2
CGAGGCTAAATATGGC-1,L6
CGAGGGACTGCGGTCG-1,L5
CGAGGGTATCCAGGTG-1,L6
CGAGTACTAAAGAGGA-1,WM
CGAGTGAAGGTACCAG-1,WM
CGAGTGCTATAGTTCG-1,L2
CGAGTTCTGTCCCACC-1,L5
CGAGTTTATCGGACTG-1,L4
CGATAATACTCAGGTT-1,L2
CGATACCTCGCGGACA-1,L6
CGATAGCGATACAGTG-1,WM
CGATAGTCGTACTGCA-1,L3
CGATATTAGCCGCAGG-1,L1
CGATCCGACCCAGTGC-1,L6
CGATCCTCGCAACATA-1,WM
CGATCTGTTGGAGGAC-1,L6
CGATGGACCCTACGCC-1,L3
CGATGTTGTTATCTAC-1,WM
CGATTAAATATCTCCT-1,L6
CGATTCGCCTGGCTGC-1,L5
CGCAAACACGAGTTAC-1,L5
CGCAATTACTTTCGGT-1,L4
CGCAATTAGGGTAATA-1,L5
CGCAATTCTACAATAA-1,L4
CGCACATGTCCACTAC-1,L5
CGCACGTCTGTTTATG-1,WM
CGCACGTGCGCTATCA-1,L3
CGCAGAAACATTTGCG-1,L3
CGCAGATCTTCACCCG-1,L2
CGCAGGCGATCCAAAC-1,L3
CGCATCATGGCTTCAG-1,L3
CGCATGGTGCGATGCT-1,L6
CGCATTAGCTAATAGG-1,L5
CGCCAAGAAGCCGAGT-1,L5
CGCCACAGGTCGCGAT-1,L6
CGCCACCCGCATTAAC-1,L1
CGCCATCCGATTATGA-1,L5
CGCCCAGCACGCCTAG-1,L6
CGCCCAGCGTTTCACG-1,L3
CGCCCGCTTCCGTACA-1,L4
CGCCCTAATTGTTCAA-1,WM
CGCCCTTACATCCACC-1,L1
CGCCCTTGAAGGCTGA-1,L3
CGCCGCCCATGCCTGT-1,L5
CGCCGCGTTCTGAACG-1,WM
CGCCGTTCAGCATAGT-1,L3
CGCCTCCCTCCTCTAT-1,L6
CGCCTGGCCTACGTAA-1,L6
CGCCTTTAGCATGCTC-1,L2
CGCGAAGTGGCATACT-1,L3
CGCGACCGCGACAGAT-1,L5
CGCGAGAGGGACTTGT-1,L2
CGCGAGTCTGCCGGGT-1,WM
CGCGCAAATGTCCAGA-1,WM
CGCGCAAGGAACTACA-1,L1
CGCGCATGTTTGATTG-1,L6
CGCGCCCGACTTAATA-1,L5
CGCGGCAGTATTACGG-1,L1
CGCGGCTCAACTTGAA-1,L3
CGCGGGAATTAGGCAG-1,L5
CGCGGTCACAAACCAA-1,L3
CGCGTCATATTAAACC-1,L2
CGCGTGCTATCAACGA-1,L1
CGCGTTCATGAAATAC-1,L5
CGCTACGGGACATTTA-1,L6
CGCTAGAGACCGCTGC-1,L3
CGCTATACCGCCCACT-1,L3
CGCTATTCAATGTATG-1,L3
CGCTATTCTTAGGCTC-1,L6
CGCTCGACATAATGAT-1,L4
CGCTCTCCGTAGATTA-1,L5
CGCTGAGGACGTCCAA-1,L1
CGCTGGTGACTACCCT-1,L3
CGCTGTGACGCCGCAC-1,L5
CGCTGTGTGGATGTTG-1,WM
CGCTTAGTATTGATAC-1,L6
CGCTTATTCCCGGTCG-1,L6
CGCTTCCACTGAAATC-1,L3
CGCTTCGGTCTAAGAC-1,
CGCTTTCATACCGGTG-1,L3
CGCTTTCTTGCATTCG-1,L5
CGGAAAGAATCAAACG-1,WM
CGGAAATTTCACATCC-1,L3
CGGAACGTAAACATAG-1,WM
CGGAGCAATTTAATCG-1,L6
CGGAGCATGGCGATCC-1,L6
CGGAGCTTATAACACC-1,L3
CGGAGTTTGAGAGACA-1,L5
CGGATAAGCGGACATG-1,L3
CGGATCCTCAAGGACT-1,L5
CGGCAAACATCGTGCG-1,L6
CGGCAATAAGATCGCC-1,L3
CGGCACCGTTAGCGCC-1,L3
CGGCACTCAAGAAAGT-1,L2
CGGCAGGGTCGGGTTG-1,L4
CGGCCACGCACAAAGT-1,L6
CGGCCAGAGCGACCAT-1,L6
CGGCCCAACCTGTAGT-1,L2
CGGCCCAGGTATATCC-1,L3
CGGCGCCATCAATCCC-1,L3
CGGCTCTAAAGCTGCA-1,L3
CGGCTCTTCGTCGAAC-1,L3
CGGCTGCAAGATTAAG-1,L3
CGGCTTTGTATGATAA-1,L3
CGGGAATATAGTATAC-1,L3
CGGGAATTTATGTAAA-1,L6
CGGGAGCTTCAGTGTA-1,L4
CGGGAGTATACCGCCG-1,L3
CGGGATCAATGTAAGA-1,L5
CGGGCAGCTAAACCGC-1,L6
CGGGCCATAGCCGCAC-1,L1
CGGGCCTTCTTTGTAA-1,L6
CGGGTGTACCCATTTA-1,L5
CGGGTTCGGCACGTAT-1,L1
CGGGTTGTAGCTTTGG-1,L1
CGGGTTTGTTAGGGCT-1,L2
CGGTACTAGAATCAAA-1,L5
CGGTAGAGGTGCAGGT-1,L4
CGGTATAGGTATTAGC-1,L3
CGGTCAAGTGGGAACC-1,L5
CGGTCCGTCGCAAGCC-1,L6
CGGTCTATCAACCCGT-1,L4
CGGTGAAGACTAAAGT-1,L5
CGGTGCAGATAGAACG-1,L6
CGGTGCGCGTTGGTCC-1,WM
CGGTGGGCTCCAGCCT-1,L3
CGGTGTACTTGATCCC-1,L3
CGGTTATCCAACAGTG-1,L3
CGGTTCAAGTAGGTGT-1,L3
CGGTTCCGGCTTCTTG-1,L1
CGGTTGACCTGGCATA-1,L5
CGGTTGAGTATCCTTC-1,WM
CGGTTGGGTTCAAGTT-1,L2
CGGTTTATGAAGGAAC-1,L2
CGTAAACGCTTGAGTG-1,L1
CGTAACTTCGACACTT-1,L6
CGTACCTGATAGGCCT-1,L5
CGTAGAGAGTAATTAT-1,L3
CGTAGCGAATTGTCAG-1,L3
CGTAGCGCCGACGTTG-1,L2
CGTATTAAGAGATCTA-1,L6
CGTCAAGGCTATAAAT-1,L3
CGTCAATCTTTAACAT-1,L1
CGTCACGTCCATTGGT-1,WM
CGTCAGTGCGCACAAG-1,L3
CGTCAGTTTATCGTCT-1,L1
CGTCATACCATATCCA-1,L3
CGTCGCATGTGAGCCA-1,L5
CGTCGCGGCGGGATTT-1,L1
CGTCGCTTGGTTATAC-1,WM
CGTCGGATAGTGTTGA-1,L3
CGTCGGGTCTAAGCGC-1,WM
CGTCGTCCTTCGCGAA-1,L5
CGTCTGGAAGGGCCCG-1,L4
CGTGAAGTTAATTCAC-1,L6
CGTGACATTGGGTCGT-1,L3
CGTGACCAGTCCTCTG-1,L6
CGTGCAGACTGGGACA-1,L6
CGTGCATTGTCGACGC-1,L6
CGTGCCCGACATTTGT-1,L1
CGTGCCCTCCCGAAGA-1,L6
CGTGCTTCTACCTAAA-1,WM
CGTGGCCGAATATCTA-1,L3
CGTGGTACCCAAAGGC-1,WM
CGTGTATGGGAGCTGA-1,
CGTGTCCCATTCGCGA-1,L5
CGTGTCTCGTTACGAC-1,WM
CGTGTGTTAAACCCTG-1,L2
CGTTAAACTAGTTAGG-1,L3
CGTTAATGTCCCGACG-1,L4
CGTTAGCTCACAACTG-1,L3
CGTTCAGACCCGCGAA-1,L6
CGTTCATGGTGCGCGT-1,L6
CGTTCTTCGCACACCT-1,L2
CGTTGAATACCGCGCT-1,L5
CGTTGAGCGACCGTCG-1,L6
CGTTGAGTAATTGCGT-1,L3
CGTTGCCCGCGTGGGA-1,WM
CGTTGTAAACGTCAGG-1,L3
CGTTGTAAGATTGATT-1,L3
CGTTGTCGGCAATTGA-1,L6
CGTTGTTTCAATTCCC-1,L6
CGTTTAAGCGGAGCAC-1,L3
CGTTTCACTTCGGGCG-1,L3
CGTTTCGCTCATTACA-1,L6
CGTTTGTGTAGAGGGT-1,WM
CTAAACGGGTGTAATC-1,L1
CTAAAGAATGCCTACT-1,L6
CTAAAGGGAAATAGGA-1,L6
CTAAAGTCCGAAGCTA-1,L1
CTAAATCCGGTGTACA-1,WM
CTAAATCCTATTCCGG-1,L5
CTAACCGCGCGCCCGT-1,L6
CTAACGAAACTTGCTG-1,L4
CTAACTGATAATCGCC-1,L3
CTAACTGGTCCGGTTC-1,WM
CTAAGGGAATGATTGG-1,L6
CTAAGTACAGGGCTAC-1,L1
CTAATTCGCACGCGCT-1,L5
CTAATTCTCAGATATT-1,L3
CTAATTTCAACAACAC-1,L3
CTACAAGAAATAACCC-1,WM
CTACACTAGCTTGTTC-1,L1
CTACACTCGCAGATGG-1,L3
CTACATATCGCGGGAC-1,WM
CTACCCTAAGGTCATA-1,L5
CTACGAACTAGGTCGA-1,L3
CTACGACTAGCTATAA-1,L5
CTACGATCCTATCCTA-1,WM
CTACGCACGGAGTACC-1,L6
CTACGCCATTTCCGAT-1,L3
CTACGTGTTGCCACCA-1,L1
CTACTATCATAGGTTT-1,WM
CTACTATCTTTCAGAG-1,L4
CTACTCAAGGTATAGT-1,WM
CTACTCTAGGCCCGGC-1,L5
CTACTGCCACCTGACC-1,L6
CTAGACATATATGTAG-1,L1
CTAGACTGCATTTCGT-1,L3
CTAGATAAACTCCTCG-1,L1
CTAGATGTGAGTGTAA-1,L3
CTAGATTTACGACGGC-1,L6
CTAGCAACTAATTTAC-1,L1
CTAGCATAGTATAATG-1,L6
CTAGCCGATGTTATGA-1,L3
CTAGGCGCCCTATCAG-1,L4
CTAGGCGGCAGAGAAT-1,L1
CTAGGGATAGGGACAA-1,WM
CTAGGTCTGAAGGAAT-1,L3
CTAGGTTCGGACGTGA-1,L6
CTAGTAGAAAGGGATT-1,L5
CTAGTATTCGGAATTA-1,L3
CTAGTCACGTCTTAAG-1,L6
CTAGTGAAGGACAGGA-1,L5
CTAGTTACAACCCGGT-1,L6
CTAGTTGGGCCCGGTA-1,L6
CTATAAGAGCCAATCG-1,L3
CTATAGGCGTTGATGT-1,WM
CTATCGACGAAATACA-1,L3
CTATCGGGTCTCAACA-1,L6
CTATGCCCGAATGCAA-1,L6
CTATGGGAAGCGGAAT-1,L3
CTATGTCACTAGCCCA-1,L6
CTATGTCTATTGAAAC-1,L3
CTATGTGAGTCACGGC-1,L6
CTATTCATGTGTCCCA-1,L6
CTATTGTGTTTGGTCA-1,L3
CTATTTGCTTGGAGGA-1,L6
CTATTTGGTTACGGAT-1,L5
CTCAAACCACTGCCCG-1,WM
CTCAACTAACCCGGAT-1,L4
CTCAAGACATTAGCGC-1,L3
CTCACATTTACTAAAT-1,L6
CTCACTGTGATACTTA-1,L5
CTCACTTGGCTGGTAA-1,L6
CTCAGGACTCACCTGT-1,L3
CTCAGTCACGACAAAT-1,L3
CTCATAAATGTGTATA-1,
CTCATGGCTCACAATC-1,L3
CTCATGGTAATTTGCG-1,WM
CTCATTGCTCTAACAA-1,L5
CTCATTTGATGGGCGG-1,L5
CTCCCAATGAGTCGCG-1,L2
CTCCCTCCTTTCGATC-1,WM
CTCCGCCCACATGAGG-1,L6
CTCCGGCCTAATATGC-1,L5
CTCCGGCTTGTAGACA-1,L2
CTCCTAAGTTATGTCT-1,L2
CTCCTCCAGCTCACAC-1,L6
CTCCTGTTCAAGGCAG-1,L2
CTCCTTTACGCAAGTC-1,L3
CTCGAATGGAACGTAT-1,L2
CTCGAGACATACGATA-1,WM
CTCGAGGTCGAACAGT-1,L6
CTCGATATTTGCGAGC-1,L3
CTCGCACCTATATAGT-1,L5
CTCGCATTGCATAGCC-1,WM
CTCGCCGAATGTAGGG-1,L6
CTCGGGCATCGTCGGG-1,L2
CTCGGGTTCTCTGGCC-1,WM
CTCGGTACCACTGCTC-1,L5
CTCGGTCCGTAGCCTG-1,L4
CTCGGTTGTCGGCCCT-1,WM
CTCGTCGAGGGCTCAT-1,WM
CTCGTTACGGCTACCA-1,WM
CTCGTTTCTAATGTTT-1,L3
CTCTAATGCATTGATC-1,L3
CTCTACACTGGCGATT-1,L6
CTCTAGCCCTCGGAAA-1,L3
CTCTATTTGGCTGCAG-1,L6
CTCTCACAATCGATGA-1,L6
CTCTCGATGTGCGCCT-1,L2
CTCTCTAACTGCCTAG-1,WM
CTCTGCGAAGCAAGCA-1,L3
CTCTGGACGCCTGGTG-1,L6
CTCTGTGCCTGCTATG-1,L1
CTCTGTTTGAGGATTC-1,L3
CTCTTCTATTGACTGG-1,L3
CTCTTCTGGAAGTTAG-1,WM
CTCTTGTCCCGCTTGG-1,L6
CTGAAAGAGATCCGAC-1,L5
CTGAATCCGAGACCTC-1,L6
CTGAATTTATTGCCAG-1,L3
CTGACATAGAAATAGA-1,L2
CTGACTGCGCAGCTCG-1,L3
CTGAGAAAGTTCGGCG-1,L2
CTGAGCAAGTAACAAG-1,L2
CTGATAGTGTATCTCA-1,L4
CTGCAAATGGGCTCCA-1,L1
CTGCAAGCACGTTCCG-1,L2
CTGCACAACTACATAT-1,L5
CTGCACCTGGAACCGC-1,L3
CTGCACTCCAGTACAG-1,L6
CTGCAGAGAATCAGAG-1,L3
CTGCCAAGGTTGGAAG-1,L5
CTGCCATGCATCACAT-1,L6
CTGCCTAGCCACCAAG-1,L3
CTGCCTTTAATACCTT-1,WM
CTGCCTTTCTAGTAAA-1,L3
CTGCGGGTGAAATGTT-1,L5
CTGCGGTAGTCACGTG-1,L3
CTGCGTTACGATATAA-1,L3
CTGCTGAGGCCACGAA-1,WM
CTGCTGTCTAACGAGC-1,L2
CTGCTTGGCGATAGCT-1,L5
CTGCTTTATGTCCGCG-1,L2
CTGGAAATGGATGCTT-1,L5
CTGGAAGACACGGTGG-1,L5
CTGGACGCAGTCCGGC-1,L6
CTGGATTTACACTTGA-1,L6
CTGGCATCCGAATGAG-1,WM
CTGGCGACATAAGTCC-1,L4
CTGGCGATTTACATGT-1,
CTGGCGCACAGGTCTG-1,L5
CTGGCGGGAATAAGTA-1,L3
CTGGCTCCTGCGGGAT-1,L1
CTGGCTGATTCATCCT-1,L4
CTGGCTGCTAACGTAA-1,L1
CTGGCTGGTTGTCAGT-1,L6
CTGGGATAAATAATGG-1,L5
CTGGGATACGCTACCC-1,L2
CTGGGATCGCCCAGAT-1,L1
CTGGGCACTAGTCGGA-1,L1
CTGGGCCTGCTATATC-1,L6
CTGGGCGGCCAAATGT-1,L2
CTGGGTAGGCAGTTAA-1,L5
CTGGGTTGAGTTAAAG-1,WM
CTGGTAAAGTGTGGGC-1,L2
CTGGTAACACATAGAA-1,L5
CTGGTAACGAGCTCTT-1,L3
CTGGTCATTCCAATCC-1,L3
CTGGTCCTAACTTGGC-1,L3
CTGGTGAATGGGCCTA-1,WM
CTGGTTCAACGCATCA-1,L1
CTGGTTTCGAGCAAGA-1,L5
CTGTACTTCTTAGCAT-1,L6
CTGTAGCCATCTCACT-1,WM
CTGTAGTGAGGATCGA-1,WM
CTGTATGGTGTAGAAA-1,L3
CTGTCAAATGGCTCGG-1,L5
CTGTCACGCCAGGCGC-1,L3
CTGTGCAGGGTAGGTC-1,L6
CTGTGGTCGGGAGATA-1,L4
CTGTTACCCAATCTAG-1,L6
CTGTTCACTGCCTGTG-1,L5
CTGTTCATCTCACGGG-1,L3
CTGTTGTTCAGTCGTA-1,WM
CTTAACTTCGAAGTAC-1,L3
CTTACACGGTATTCCA-1,L5
CTTACACTGGGAAATA-1,L3
CTTAGCCTTCCACATG-1,L5
CTTAGGTATAGACCAG-1,WM
CTTAGTAGGCCTACAG-1,L3
CTTAGTGTAGTAGCAT-1,L4
CTTAGTTGAGGAATCG-1,WM
CTTATGCGCTCAGGGC-1,L5
CTTATGTTGACTACCA-1,L2
CTTCAACTCCACTTGG-1,L5
CTTCAGTGGTCGCCTA-1,WM
CTTCATAGCTCAAGAA-1,L3
CTTCATTGTCAGTGGA-1,L6
CTTCCGCTCCGTGAAG-1,WM
CTTCCTGCATATTTAC-1,L1
CTTCGGCCAATTGTTT-1,L3
CTTCGTAGATAGGTGA-1,L6
CTTCGTGCCCGCATCG-1,L1
CTTCTATGTTGAAGTA-1,L6
CTTCTATTAATGCTAG-1,WM
CTTCTGGGCGTACCTA-1,WM
CTTCTTACGTCGTATA-1,L3
CTTGACCCGAAAGATA-1,L3
CTTGAGGTTATCCCGA-1,L1
CTTGAGTTAGGGTAAT-1,L4
CTTGCAACCGCCTCCT-1,L6
CTTGCCCAGGCTCTAC-1,L6
CTTGGCCAAGCTGGGA-1,L6
CTTGTACTTGTTGACT-1,L5
CTTGTCAACATTCGAG-1,L6
CTTGTCGTACGTGTCA-1,L1
CTTGTGAGGACAGCGG-1,L1
CTTGTGAGTCTTTGAC-1,L2
CTTGTGCTCACCGATT-1,L3
CTTGTTGCTGAGTCAA-1,L5
CTTGTTTATGTAGCCA-1,L3
CTTTAACTTTCAAAGG-1,L5
CTTTAATATTGGTCGA-1,L6
CTTTACCGAATAGTAG-1,L5
CTTTAGGAACACTGTT-1,L5
CTTTAGTGCTATTATT-1,L6
CTTTCTGTGCGGGCTT-1,L6
CTTTGAAACATATTCC-1,L1
CTTTGCATCGCTCTTG-1,L3
CTTTGGCGCTTTATAC-1,L4
CTTTGGCTTTAGTAAA-1,L5
CTTTGGGATTGTTGCA-1,WM
CTTTGTCGAATGCTCC-1,WM
GAAACAGATGACCACC-1,L5
GAAACAGCCATGCAGT-1,L3
GAAACATAGGAAACAG-1,WM
GAAACCATGGTGCGCT-1,L3
GAAACCGAATTACCTT-1,WM
GAAACCTATACAAATG-1,L6
GAAACTCGTGCGATGC-1,L4
GAAACTCTAATGAAGG-1,L3
GAAAGAACAGCGTTAT-1,L3
GAAAGCAGTGCACTTT-1,L6
GAAAGCCCTTTGGACC-1,L5
GAAAGTGACTAACTGC-1,L4
GAAATACCTGCTGGCT-1,L3
GAAATACTAAACGTTT-1,L3
GAAATATCACCATCAG-1,L5
GAAATATGCTTGAATG-1,L2
GAAATCGCGCGCAACT-1,L5
GAAATGGCGGTGTTAG-1,L6
GAAATGGGATGTAAAC-1,L1
GAAATTAGCACGGATA-1,L3
GAAATTCACATCGCTG-1,L3
GAAATTGTCTCTATAA-1,L6
GAACAACTGGGATGAA-1,L3
GAACACACATCAACCA-1,L5
GAACAGATTACTAAAT-1,L6
GAACCATCTGGGAGAC-1,L1
GAACCCTCTGTGTTCT-1,L6
GAACCTCGACCTACAC-1,L5
GAACCTTTAACGATCC-1,L5
GAACGACCGAATGATA-1,L5
GAACGCGGGTCACACG-1,L2
GAACGTCTCATGGTCG-1,L5
GAACGTTAGGAAGACG-1,L4
GAACTGTGGAGAGACA-1,L6
GAACTTAGCGCCCGGT-1,L1
GAAGAAACGATATTGT-1,WM
GAAGAACGGTGCAGGT-1,L3
GAAGACTTCAATGCCG-1,L2
GAAGCAAGGCAATGTT-1,L1
GAAGCCACTGATTATG-1,L5
GAAGCCTGCACATTCC-1,L6
GAAGCGTGAGGAATTT-1,L6
GAAGCTCGGACCCGTC-1,WM
GAAGCTTGCTGACCGC-1,L5
GAAGGACTAAATTGAA-1,L1
GAAGGAGTCGAGTGCG-1,L6
GAAGGGCATAACCATG-1,L1
GAAGTCAGTTGCACTA-1,L6
GAAGTCTCCCTAGCGA-1,L5
GAAGTGATTTATCGTG-1,L6
GAAGTGCTGGATAGCT-1,L3
GAAGTTTCCACTCAAT-1,L6
GAATAGACGCGACCCA-1,L5
GAATAGCATTTAGGGT-1,L2
GAATAGCCCTGCGGTC-1,L2
GAATAGTGCTCGATTA-1,WM
GAATATTCGGAGTCCC-1,L3
GAATCGACATGGTCAC-1,L5
GAATCGCCGGACACGG-1,L3
GAATCTATACTCGGAC-1,L3
GAATCTGAACATTCTC-1,L6
GAATGCCGAAATGACC-1,L3
GAATGCGAATCGGTTC-1,L5
GAATGTATGGCAGGTC-1,L3
GAATGTGGTCCGGATT-1,L5
GAATGTTGGGTAATCT-1,L5
GAATTATAGTGAAAGG-1,L6
GAATTCACCCGGGTGT-1,L6
GAATTTCTCGCTGCAG-1,L5
GACAAACATATGCAGG-1,L3
GACAACGACCATTGAA-1,L5
GACAACGCAGCTTACG-1,L5
GACAAGAGATGAGATT-1,L2
GACACAAGGGAAGAAA-1,L6
GACACGAGTTAGAGGA-1,L3
GACACTGAGTTCAGTG-1,WM
GACACTGGAACCCGAT-1,L3
GACAGATTTCTGGCTC-1,L5
GACAGCCAGACCTGAC-1,L5
GACAGGCACACACTAT-1,L5
GACATCCGTCGAACTG-1,L5
GACATCGATTTATAAC-1,WM
GACCAAACGTTGACTG-1,L3
GACCAGAGCCCTGTAG-1,L5
GACCAGGTCATTCATA-1,L3
GACCCAATTATGATAC-1,WM
GACCCGTCGCCGGCTA-1,L3
GACCGACGTGAAAGCA-1,L3
GACCGACTGAAGCGTC-1,L5
GACCGATTAAATATGT-1,WM
GACCGCGTCTGACGTG-1,L3
GACCGTCAGGTCGTGA-1,L3
GACCGTGCTGACGGTG-1,L6
GACCTTCCACGTCTAC-1,L5
GACGACGATCCGCGTT-1,L6
GACGAGGCTAATAAAC-1,L3
GACGCATACCCGTCGG-1,WM
GACGCCGTAAAGGCTA-1,L6
GACGCCTGTTGCAGGG-1,L2
GACGCTTGCTTCTAAA-1,L6
GACGGACCGCGTTCCT-1,L2
GACGGGATGTCTTATG-1,L1
GACGGGTTGGCCCGTA-1,L6
GACGGTCAATAGAAGC-1,L3
GACGTGAGACTCCATG-1,L1
GACGTGTAGGGATTAT-1,L5
GACTAACACAGCACCT-1,L3
GACTAAGATCATGCAC-1,L5
GACTAAGTAGGCTCAC-1,L5
GACTACAAAGCGGTGG-1,L6
GACTACAATTGCTCGT-1,L3
GACTAGGCCGTTAGGT-1,L5
GACTCACCCACGTGAG-1,L3
GACTCCCAGAATAAGG-1,L2
GACTCCTTCCAATTGA-1,WM
GACTCGCGGGAATGAC-1,L3
GACTCGGTCGGCGGAT-1,L1
GACTGATTGGTCACAA-1,L2
GACTGCAAATCGAGCT-1,L5
GACTGCACCAGCCCAG-1,L5
GACTGCGGCACGTGTA-1,L3
GACTGCTGGTGAGAAA-1,WM
GACTGGGCGCCGCAAC-1,L3
GAGACTGATGGGTAGA-1,L6
GAGACTTCGCGACCGA-1,L6
GAGAGGGCGCGAGGTT-1,L6
GAGAGGTGCATTCTGG-1,L6
GAGAGTCTCGGGAGAG-1,WM
GAGATCTGCTTGGCAT-1,L6
GAGATCTGTCACTCCG-1,L6
GAGATCTTCCATGACA-1,L5
GAGATGGGAGTCGACA-1,L6
GAGCACCTGTGTCCAG-1,L5
GAGCATCAACAACTTG-1,WM
GAGCATCATCCCTGGG-1,L3
GAGCCACGGTAGTAGG-1,L3
GAGCCAGCTACCTGTG-1,L4
GAGCCGAGCGTTTATT-1,L2
GAGCGAGGGAGTACCG-1,L3
GAGCGCAAATACTCCG-1,L3
GAGCGCGCACGAGTAG-1,L4
GAGCGCTATGTCAGGC-1,L1
GAGCGCTGTTAGGTAA-1,WM
GAGCGGAATGCGGTGT-1,L6
GAGCTAAGGGCATATC-1,L5
GAGCTCTCGGACCTAA-1,L3
GAGCTGTCGTCTCGGA-1,L3
GAGGAATGGAGAGGTT-1,L4
GAGGAGATCCTCATGC-1,L1
GAGGAGTAATTCCTAC-1,L1
GAGGATAAACAGTGCT-1,L2
GAGGCCCGACTCCGCA-1,WM
GAGGCCTGTTGATACA-1,L3
GAGGCTATCAAAGTCG-1,L5
GAGGGAGTCAGATCGC-1,WM
GAGGGCATCGCGTATC-1,L2
GAGGGCGCAGCTCTGC-1,L5
GAGGGTAGTAACAAAG-1,WM
GAGGTACATCCATCTT-1,L3
GAGGTACGCGTGTCCC-1,L6
GAGGTCCCAAAGATCT-1,L3
GAGGTCTTAGTGGGTC-1,L2
GAGTAAACCGGAAAGT-1,L2
GAGTAAGGCCACGGGA-1,L6
GAGTACGGGTATACAA-1,L3
GAGTAGATACTAGTTG-1,L6
GAGTATGCCCGCCTTG-1,WM
GAGTATGCGCGTGCAT-1,L5
GAGTCAGACCAGAATC-1,WM
GAGTCCGCTTACCGGA-1,L6
GAGTGTCAACCAGAAA-1,L4
GAGTGTGCGGTACCCA-1,L5
GAGTTGATGGCAATTT-1,WM
GAGTTGTCACCAGTCT-1,WM
GATAAATCGGTGGATG-1,L3
GATAACTCGCACTGTG-1,L5
GATAAGGCAGATGCAA-1,L1
GATACGATGGGAGTCA-1,WM
GATAGGTAACGTTGAC-1,L6
GATAGTGCGAGTAAGT-1,WM
GATATCTCATGCAATA-1,L3
GATATGAGACACTAAC-1,L5
GATATGCGGTAGCCAA-1,L3
GATATGGATTACGCGG-1,L3
GATATTGAGATTGGCG-1,L3
GATATTTCCTACATGG-1,L3
GATCAACATAAAGGGA-1,WM
GATCATTCCAAACATT-1,L6
GATCCCTTTATACTGC-1,L6
GATCCGGGAATTAACA-1,L6
GATCCTAAATCGGGAC-1,L3
GATCCTCGACACTGGC-1,WM
GATCCTCTTGCGCTTA-1,L3
GATCGACACTATCTGA-1,L5
GATCGCGGGCTCTCCA-1,L6
GATCGCTACCCGATTT-1,L3
GATCGCTATATCTCAG-1,WM
GATCGGATAGAACCAT-1,L5
GATCGGCGATAAGTCG-1,L3
GATCGGTGGCCATAAC-1,L6
GATCGTGACTGATATC-1,L6
GATCTCGACGCTGTGG-1,L2
GATCTGCTATCTAAGG-1,L6
GATCTTGGAGGGCATA-1,L6
GATCTTTGCAGGGTAT-1,L6
GATGACAAGTAGGGCA-1,WM
GATGACGATGATCGCG-1,L2
GATGAGGAACCTTCGG-1,L4
GATGATTTGAAACTGG-1,L1
GATGCCACACTACAGC-1,L1
GATGCCAGCAGAAGGC-1,L3
GATGCCTTCTGCGGCA-1,WM
GATGCGTCCTGCATTC-1,L6
GATGCTACAAGCGCCT-1,L4
GATGCTGTATTTCATC-1,L6
GATGGCGCACACATTA-1,L3
GATGGTGCCCTAGGCA-1,L3
GATGTAACGAACCACC-1,WM
GATGTCCGGATCACAT-1,L1
GATGTCGGTCAACTGC-1,L3
GATGTGTTGTCACAAG-1,L3
GATGTTCAATCCACGA-1,L6
GATGTTTGTGCGAGAT-1,L3
GATTAACCGAAAGCCC-1,L3
GATTAATCCTGGCTCA-1,L1
GATTACTGAATTTGGG-1,L6
GATTCCCTTGTCGCAG-1,L5
GATTCCGCGTTTCCGT-1,L4
GATTCCTATACGGCGC-1,L3
GATTCGACGGTTCACG-1,L6
GATTGACACTCTGCTC-1,L3
GATTGCTCCAGTTGCA-1,WM
GATTGGGAAAGGTTGT-1,L4
GCAAACCCTACATTAT-1,L5
GCAAACCTTGGCCATA-1,L6
GCAAACGTAAGCGACC-1,WM
GCAAACGTCGCCAGGT-1,L2
GCAAAGGGCGTTAGCC-1,WM
GCAAATATTACGCTTT-1,L6
GCAACACACTAGAACT-1,L6
GCAACAGCAGTATGCG-1,L3
GCAACCACCAGACCGG-1,L3
GCAACCACGGCCGCGT-1,L6
GCAACGGCTAGTTATG-1,L3
GCAAGAATTCCTTGGC-1,L6
GCAAGATGTGTTCGCG-1,L2
GCAAGTGCACAGAGAA-1,L5
GCAAGTGTAAAGCATG-1,WM
GCACAAACCCTAGATG-1,WM
GCACAAACGAGGCGTG-1,L2
GCACAACCTCGGGCGT-1,WM
GCACAAGTGTCGGAAG-1,L3
GCACACACTGGTAGCC-1,L3
GCACACGCCCATGGTC-1,L4
GCACAGCACGGGCCGA-1,WM
GCACGCCTACTTAGAT-1,WM
GCACGTGGTTTACTTA-1,L3
GCACTAGTCGCGCTAT-1,L3
GCACTGCCTACCTTTA-1,L5
GCACTGTGCAAATGTA-1,L1
GCAGACCCAGCACGTA-1,L3
GCAGATCCATAAGACT-1,L5
GCAGATCCTCGCAAAT-1,L3
GCAGATTAGGGATATC-1,L6
GCAGCACACAGCCCAG-1,L6
GCAGCCTATATCACAT-1,L2
GCAGCGGTGGGCATTA-1,L1
GCAGGAACTTAGATCT-1,WM
GCAGGACTATAGAATA-1,L5
GCAGGTAGAGTATGGT-1,L3
GCAGTGTGGCTATAGG-1,L5
GCATACGAGGTCTTTA-1,L5
GCATAGAGCACTCAGG-1,L6
GCATCCCTAACTTTGA-1,L3
GCATCGGCCGTGTAGG-1,L3
GCATGAGGGACGCGGC-1,L5
GCATTCAAGGCAACGC-1,L3
GCATTCGAAATGAACA-1,L3
GCATTGTAATTCATAT-1,L6
GCATTTCCAAGGCTCC-1,L3
GCCAACCATTTCCGGA-1,L3
GCCAAGAATACTTCTG-1,L6
GCCAATAGGGCATCTC-1,L3
GCCACAATTTAAGGAC-1,WM
GCCACTCAGAGCGCGA-1,L3
GCCAGGAAAGAACACT-1,WM
GCCAGGAGTAACCGAT-1,L4
GCCAGGCGTTCGCATG-1,L3
GCCATATTGCACACAG-1,L4
GCCATCGAGCTGCGTG-1,WM
GCCATCGATGCTGCAT-1,L3
GCCATTAGCCTCAAAC-1,WM
GCCCACCAAGGCTGTC-1,L3
GCCCAGTTGGTATGCC-1,L4
GCCCATGGGTGCAATG-1,L2
GCCCGACTTCTTCCCG-1,WM
GCCCGAGAGTCTAAAT-1,WM
GCCCGATCTGTGGTCG-1,L6
GCCCGCGCGTAAACGG-1,WM
GCCCGCGCGTTTGACA-1,L3
GCCCGTAATACCTTCT-1,L5
GCCCTAGCCGTCGCGA-1,WM
GCCCTGAGGATGGGCT-1,L5
GCCGAAATTCCTACGT-1,L6
GCCGACCCACGACTGC-1,WM
GCCGATTGGCCAAGCT-1,L6
GCCGCATTAGTCCGGC-1,L5
GCCGCTAGATACGCAG-1,L2
GCCGCTTGTGAGAAAC-1,L6
GCCGGAAACACATCTT-1,L1
GCCGGGTTAGGGTCGC-1,L6
GCCGGTTTGGGCGGAT-1,L1
GCCGTCGGTTTCGGGC-1,WM
GCCGTGGAAGAAATGT-1,L2
GCCTAGCGATCTGACC-1,L4
GCCTATAGTGTCAGGG-1,L4
GCCTATTCCGATATAG-1,L4
GCCTATTTGCTACACA-1,L2
GCCTCATCTGGAAATA-1,L4
GCCTCCGACAATTCAC-1,L3
GCCTCTATACATAGCA-1,L5
GCCTGCTACACTGAGA-1,L1
GCCTTCAGCCCTACCG-1,L3
GCCTTGTATATGCAGT-1,L2
GCCTTTGTCAGTGGAC-1,WM
GCGAAACGATCGGGAG-1,L3
GCGAAACTTAACTGGA-1,L5
GCGAAGAATCTGACGG-1,L3
GCGAAGCCATACCCGT-1,L6
GCGACATGTAAACATC-1,L3
GCGACCCAACCATCTG-1,WM
GCGACGATAGTTGTAC-1,L6
GCGAGAAACGGGAGTT-1,L1
GCGAGAGGCCATGTAA-1,L2
GCGAGAGTTGCGTCCA-1,L3
GCGAGCGCATGCTCCC-1,L3
GCGAGGCCCGAGCAGA-1,L6
GCGAGTTCTGCAAAGA-1,L6
GCGATTCTGGAAGCAG-1,L3
GCGATTGTTAACGTTA-1,L6
GCGCAAATATATTCAA-1,WM
GCGCAAGAGCGCGCTG-1,L3
GCGCATCCAGTCAGCA-1,L4
GCGCCGTTCCACGATA-1,L6
GCGCCTCCCACTCCGA-1,L3
GCGCGGTCTAGTAACT-1,L6
GCGCGTCATTGGTACA-1,L5
GCGCTAAGTATGCATG-1,L3
GCGCTAATTGAATAGA-1,L6
GCGCTATGCCGAGGCA-1,WM
GCGCTGATCCAGACTC-1,L3
GCGCTGCTTTGCATTT-1,L4
GCGCTTAAATAATTGG-1,L4
GCGGACCGCGTTGTGG-1,WM
GCGGAGAAACTTCGCA-1,WM
GCGGAGAGGGAGAACG-1,L5
GCGGCAAAGTATTGCC-1,WM
GCGGCTCTGACGTACC-1,L6
GCGGGAACCAGGCCCT-1,L4
GCGGGCGAGCCTTACC-1,WM
GCGGTCCCTAGACGCA-1,L3
GCGGTGAACTGCGCTC-1,L3
GCGGTTCCCTATCATG-1,WM
GCGTAAATGGCCATAA-1,L3
GCGTCCCTAAGACATA-1,WM
GCGTCGAAATGTCGGT-1,L4
GCGTCGCCAGGGTGAT-1,L6
GCGTCTCTGCATTGGG-1,L6
GCGTGGTACTGGGTTA-1,L4
GCGTGTATGTCGTATT-1,L2
GCGTTATATTTGGAAC-1,L3
GCGTTCGGAGACCGGG-1,L3
GCTAAACCTGAGGTGA-1,L3
GCTAACTGAAGTCTGA-1,L4
GCTAAGTAAAGGCGAT-1,L3
GCTAAGTAGTTTCTCT-1,L5
GCTAATACCGAATGCC-1,L5
GCTACAATCGAGGATA-1,L3
GCTACAGTACGGACCG-1,L5
GCTACGACTTATTGGG-1,L6
GCTACTATAGTAGAGT-1,L4
GCTAGACCGTCTACTG-1,L3
GCTAGAGTAGAGATGT-1,L3
GCTAGCAGGGAGTGGG-1,L3
GCTAGCGATAGGTCTT-1,WM
GCTAGCTTGAATAGCT-1,WM
GCTAGGCACCACGGAG-1,L5
GCTAGTAGAGCTTGTA-1,L6
GCTAGTTTCATTGAGG-1,L3
GCTATACGTCTCGGAC-1,L4
GCTATCATACTCATGG-1,L5
GCTATCGCGGCGCAAC-1,L3
GCTCAATCCGTTTATT-1,WM
GCTCAATGTAATACCG-1,L6
GCTCATTACTGCATGT-1,L3
GCTCCCAGTCGGTCCA-1,L3
GCTCCGCTCGCTTCAG-1,L3
GCTCCGGACGTTGATA-1,L1
GCTCCTGACATACTGG-1,WM
GCTCGCGGTTCCGCTC-1,L3
GCTCGCTCATGTCCAA-1,L3
GCTCGGAATTTAAAGC-1,L5
GCTCTAAACCCTGACG-1,L5
GCTCTATGTTACGTGC-1,L5
GCTCTCGGGTACCGAA-1,L5
GCTCTTTCCGCTAGTG-1,L6
GCTGAATCTTCCAATC-1,WM
GCTGAGGCGTGAGTAT-1,L6
GCTGCACGGTTTCTTA-1,L6
GCTGCTAAGTAGTCGA-1,L6
GCTGCTACTGCGTAGC-1,L5
GCTGCTCTCCGGACAC-1,L6
GCTGGACCCAAAGTGG-1,L2
GCTGGCATATTCACCT-1,L5
GCTGGCGGCGCATGCT-1,L6
GCTGGGTCCGCTGTTA-1,L1
GCTGGTTTAGGCCATA-1,WM
GCTGTATTACTGGCCC-1,WM
GCTGTCTGTGATCGAC-1,L2
GCTGTTGCTACCGAAC-1,L4
GCTTAATGTAACTAAC-1,L5
GCTTACGTAGTTAGTA-1,L3
GCTTATGAAGCAGGAA-1,L5
GCTTCCATGTAACCGC-1,
GCTTCCGTCCCTAGAC-1,L5
GCTTCGACGTTCAATC-1,WM
GCTTGATGATAATCAG-1,L4
GCTTGGATCGATTAGG-1,L3
GCTTTCAGAGGAGGTG-1,L4
GGAAACCTTGTTGAAT-1,L3
GGAAACTAAATGGGCC-1,L3
GGAAAGTGCCCATGCC-1,L4
GGAACCGTGTAAATTG-1,WM
GGAACCTTGACTCTGC-1,WM
GGAACGGCCTGCAGCC-1,L3
GGAACTTTGGCGATTA-1,L2
GGAAGCTCGCTTACAG-1,L3
GGAATAACCTCAAGAA-1,L3
GGAATGCGCTAGCGTG-1,L5
GGACACAAGTTTACAC-1,L3
GGACCAACAGGATAAC-1,L6
GGACCTACGGTAACGT-1,L2
GGACCTCTAGGCCGCC-1,WM
GGACGGCTTGCGCAAC-1,L2
GGACTCGACAGCGCAT-1,WM
GGACTCGTGAGTGGTC-1,WM
GGAGAAGTCATTGGCA-1,L4
GGAGACCATCTACATA-1,L6
GGAGACGACACCTTTG-1,L6
GGAGCAACATTTCAAG-1,L3
GGAGCACCAAGAACTA-1,L5
GGAGCGAGGCCTACTT-1,L5
GGAGGATTGAAAGGAG-1,L3
GGAGGCCGAAGTCGTC-1,L2
GGAGGCGAAGAACCGC-1,L1
GGAGGGCTTGGTTGGC-1,L5
GGAGGGTCAAGTAAGA-1,L2
GGAGTGCCGCCCTGGA-1,L4
GGAGTTGATTCTGTGT-1,
GGATACTCATGAATTG-1,L2
GGATCAAAGGACGAGG-1,L2
GGATCATCCCGTACGC-1,L3
GGATCCCTACCAGCTA-1,L1
GGATCCGGAATATACT-1,L5
GGATCTTACTGCCCTT-1,WM
GGATCTTGACTCAACC-1,WM
GGATGAAGATCGCTGA-1,L4
GGATGACGCGAGTTTA-1,L6
GGATGCTGGCGTTCCT-1,L5
GGATGTCCTTACCGCA-1,L5
GGATTAAGCTAAGGTC-1,L3
GGATTCAGTACGGTGG-1,L3
GGATTCCGCTATACCC-1,L5
GGATTGAAGTAGCCTC-1,
GGATTGCTGTGACTCC-1,L4
GGATTTCACTTCTATA-1,L5
GGCAAAGGCGCCAATA-1,WM
GGCAAATTACTTTACT-1,L6
GGCAAGCCCATAGTGG-1,L6
GGCAAGGCGAAATAGC-1,L6
GGCAATAGTCAATGAG-1,L6
GGCACTCCACTGGGCA-1,L6
GGCAGCAAACCTATGC-1,L3
GGCAGCGGTAATCCTA-1,L3
GGCATACAGGTAGCGG-1,L5
GGCATATCGGTTCTGC-1,L4
GGCATCAACGAGCACG-1,L1
GGCCACAAGCGATGGC-1,L1
GGCCCTCACCCACTTA-1,L5
GGCCGAGACTCTGGTG-1,WM
GGCCGGCGTCTGCTAT-1,L5
GGCCGTTTGGGTTTCA-1,WM
GGCCTGCTTCTCCCGA-1,L2
GGCGAAATCTAACTTG-1,L5
GGCGAGCATCGAGGAC-1,L1
GGCGAGCGAAACGGCA-1,L6
GGCGCAGGACATCTTC-1,L5
GGCGCATGAATTGATG-1,L6
GGCGCGGAGATCTTTC-1,L4
GGCGCGTTCGAGTTTA-1,L6
GGCGCTCCTCATCAAT-1,L3
GGCGCTTCATTCCCTG-1,L5
GGCGGAGTAATATTAG-1,L6
GGCGGTAGGATCATTG-1,L6
GGCGGTTTGCCGGTGC-1,L1
GGCGTACCCTATATAA-1,L1
GGCGTAGGGAAAGCTG-1,L4
GGCGTCCTATCCGCTG-1,L5
GGCTAAAGGGCGGGTC-1,L3
GGCTACTATACACTCC-1,WM
GGCTATTAAGTTGTAT-1,L5
GGCTCCTCCACCTGTT-1,WM
GGCTCGCGTTGAGGTA-1,L4
GGCTCGTGCCACCAGC-1,L3
GGCTCTGCTCCAACGC-1,L5
GGCTGAAATAGCAAAG-1,L5
GGCTGAGCATCGTAAG-1,L2
GGCTGGCTAGCTTAAA-1,L1
GGCTTTCAATAAGGGT-1,L6
GGGAACCACCTGTTTC-1,L1
GGGAACGGGAGGTTAG-1,L6
GGGAACGGTTTCAGAT-1,WM
GGGAAGACGGTCTGTC-1,L5
GGGAAGGGCTTTCTCA-1,L3
GGGAATGAGCCCTCAC-1,L3
GGGACAGAGTTACTCC-1,WM
GGGACCCGTATATCTT-1,L6
GGGACTGCATAGATAG-1,L6
GGGAGAACTCACAGTA-1,L6
GGGAGGATGCCCGAAA-1,L6
GGGAGTAATGGCTGGC-1,L2
GGGAGTTAATGAGGCG-1,L6
GGGATGGACCCGCGTC-1,WM
GGGATGGTCGTAACCG-1,WM
GGGATTTACCGCACCT-1,L5
GGGCAACCGCACGTGC-1,WM
GGGCAGAGCAATCGTT-1,L6
GGGCAGGATTTCTGTG-1,WM
GGGCCATTCGTGCTGG-1,WM
GGGCCCGTCTTAAACA-1,L6
GGGCCCTACGAAAGGG-1,L5
GGGCCGGCCGAAGTAC-1,L5
GGGCCTAAATGGGCTA-1,L5
GGGCGATATGTGTGAA-1,L6
GGGCGGCAAATGAATT-1,WM
GGGCGGGTTCCCTACG-1,L6
GGGCGGTCCTATTGTC-1,L2
GGGCGTACATTTATAT-1,L5
GGGCGTCACCACGTAA-1,WM
GGGCGTCCACTGGCTC-1,L3
GGGCGTGGTTTCCCAG-1,L5
GGGCGTTTACATTCAT-1,WM
GGGCTATGATCGATGG-1,L6
GGGCTCATCGAACCCA-1,L5
GGGCTGCCTAGGGCGA-1,L6
GGGCTGGTTAGTCGCG-1,L6
GGGTAATGCTGTGTTT-1,L1
GGGTACACTCTGGAGG-1,L1
GGGTACCCACGGTCCT-1,L2
GGGTACTTCATGAACT-1,L6
GGGTATGTATGCACTT-1,L4
GGGTATTCTAGCAAAC-1,WM
GGGTCACCGTGACGGT-1,L6
GGGTCACGTGCTTATG-1,L1
GGGTCAGGAGCTAGAT-1,L6
GGGTCATGCGTACCAT-1,L3
GGGTCGTGGCAAGTGT-1,L3
GGGTCTATCGCTTTCC-1,L2
GGGTGACACCTTAACT-1,L6
GGGTGCATATGAAAGC-1,L2
GGGTGGTCCAGCCTGT-1,L3
GGGTGTTTCAGCTATG-1,L4
GGGTTAACATTTGAGT-1,WM
GGGTTCAGACGAACAA-1,L3
GGGTTTAGGATAGGAT-1,L3
GGTAAACTCTGCGCTG-1,
GGTAAATGTGCGTTAC-1,L3
GGTAACCGGGAGGATA-1,WM
GGTAACTATGTATCTG-1,L3
GGTACAAACATGCTAT-1,L6
GGTACATCTGGGACGA-1,L5
GGTACCATTAAGACGG-1,L3
GGTAGAAGACCGCCTG-1,L6
GGTAGACCGTTGGGCG-1,L6
GGTAGTGCTCGCACCA-1,L6
GGTATAGTGACACATA-1,L2
GGTATTGCCGAGTTTA-1,L6
GGTCAAGACTACTTCG-1,L3
GGTCACGTTAGATTCA-1,L1
GGTCAGTGGGTCCCAC-1,L6
GGTCATTGTAGTCATA-1,L1
GGTCCTTCATACGACT-1,L1
GGTCGGATAAACGGCG-1,L3
GGTCGGCCAGGAGCTT-1,L5
GGTCGGTAATTAGACA-1,L2
GGTCGGTCGTCCACAG-1,L6
GGTCGTAAGCTCGCAC-1,L6
GGTCTCCGTCCAGGTT-1,L3
GGTCTCTGAATGGACT-1,WM
GGTCTGAGAATCTGGA-1,L5
GGTCTTGAGCGCTCTT-1,L6
GGTGAAACCGGGAATG-1,L1
GGTGAACGGGCTAGCC-1,L1
GGTGAAGTACAGGGAT-1,WM
GGTGAGATGCAGATAA-1,L3
GGTGATAAGGAGCAGT-1,L5
GGTGATTTCATCTTGT-1,L2
GGTGCAGAGCCTATCG-1,L2
GGTGCATAAATGATTA-1,L6
GGTGCGGATAAGTGGC-1,L3
GGTGCTGATCACAAAG-1,L3
GGTGCTGGTACACATT-1,L6
GGTGGACCACGTGTTA-1,L1
GGTGGACTGCTCTGGC-1,L5
GGTGTAAATCGATTGT-1,L6
GGTGTTCTGTTTCTAC-1,L3
GGTTACCACCCTCGGG-1,L6
GGTTAGCTATATGTCT-1,L5
GGTTAGGCTTGGAGAA-1,L5
GGTTAGTTACGGCGCC-1,L3
GGTTCCACCCGCTTCT-1,L3
GGTTCTACTCGTCTGA-1,L3
GGTTGTATCGTGAAAT-1,L1
GGTTGTGTAGCCTGGC-1,L4
GGTTTAATTACCATCG-1,WM
GGTTTACAATCTCAAT-1,L5
GGTTTAGCCTTTCTTG-1,L3
GGTTTCAATCGGTCAG-1,L5
GGTTTGAGTGCTGGAA-1,L3
GGTTTGTGACCTGAGG-1,L3
GTAACATCTAAGATAA-1,L3
GTAACTGCCCAAGGAG-1,L6
GTAACTTGCGGCAGTC-1,L2
GTAAGCGGGCAGTCAG-1,L5
GTAAGGATTTGTCGGA-1,L3
GTAAGTAACAGTCTGG-1,L5
GTAAGTAGGGTATACC-1,L5
GTAATAAAGGGCTCCC-1,L3
GTAATCTGATTCTTCG-1,WM
GTACACTTACCTGAAG-1,L6
GTACAGAGGCAAGGGT-1,L5
GTACGACGGCGCTGCG-1,L1
GTACGAGATTGCGACA-1,L5
GTACGCTTCATTGCAC-1,L6
GTACGTCACGTATTAA-1,L1
GTACGTTTGCCCGTCA-1,L6
GTACTAAGATTTGGAG-1,L5
GTACTCCCTTATCGCT-1,L5
GTACTCCTGGGTATGC-1,L3
GTACTGAGGTCGTAAC-1,L3
GTACTGCATGAAGCGT-1,L2
GTACTGGAGTTAGACC-1,L5
GTACTTGGGCACTTCT-1,L3
GTAGAAACGGGTGGAG-1,L3
GTAGACAACCGATGAA-1,L3
GTAGACACGCCTGACT-1,L6
GTAGACGTCGTTACAT-1,L3
GTAGAGGGAGACAAGT-1,WM
GTAGCCAAACATGGGA-1,L6
GTAGCGCTGTTGTAGT-1,L2
GTAGCGGCTATACACT-1,L6
GTAGCTAGTAAGCGCG-1,L3
GTAGCTCCGGGAGGCT-1,WM
GTAGCTTCCTCTTGTT-1,L5
GTAGGTGATCCGTGTA-1,L4
GTAGTCGCGGGAATCA-1,L5
GTAGTCTACGATATTG-1,L5
GTAGTTCGAAGGCGAA-1,WM
GTATAATCTCCCGGAT-1,L1
GTATAGGACTCAGTAG-1,L5
GTATAGTGGCCCATGT-1,L3
GTATATGTTACGGCGG-1,L1
GTATCAAACGTTAGCT-1,L3
GTATCAGCTTGGGTTC-1,L3
GTATCCTTTGGTAACC-1,L3
GTATCGGGACGAGCTG-1,L1
GTATCTCAGTCTTGAC-1,WM
GTATCTCCCTAACTGT-1,L1
GTATCTTGTTGCTCAC-1,L1
GTATCTTTCATAACCA-1,L6
GTATGAAATTTCACTC-1,WM
GTATGACGTGGGAAAC-1,L1
GTATGTGGGTCTAGTT-1,L5
GTATTAAGGCGTCTAA-1,L3
GTATTCTGAGAAACGA-1,WM
GTATTTAATGGCATAA-1,L2
GTCAAAGAAGTGGTGT-1,WM
GTCAAAGTTTACATAG-1,L2
GTCAACCAGGCCTATA-1,L3
GTCAAGCGGACTCGGG-1,L6
GTCAATTGTACTGAAG-1,L1
GTCACAAAGTTTCCAA-1,L3
GTCACCTGTCTATGTC-1,L2
GTCACTCTCCAAATCT-1,L3
GTCAGAATAGTCTATG-1,L5
GTCAGTTGTGCTCGTT-1,L3
GTCAGTTTGGTAGTCG-1,L3
GTCATCTCCTACAGCT-1,L1
GTCATGCACCTCCGTT-1,L6
GTCATGCGCGAGGGCT-1,L3
GTCATGGACATGACTA-1,L5
GTCATTAGAGCGAACG-1,L6
GTCATTGCATTGACCC-1,L4
GTCCAATATTTAGCCT-1,L6
GTCCATTACTGCTACG-1,L3
GTCCCAACGTAAAGTA-1,L6
GTCCCGCGACGTTATG-1,L5
GTCCGGACCTGAAATT-1,L4
GTCCGGCTGAATTGCG-1,L5
GTCCTACAGGCGGCTC-1,L3
GTCCTACGAATAGTCT-1,L4
GTCCTAGGATACCTTA-1,WM
GTCCTTCTAGTGGGTT-1,L3
GTCCTTTAATGACTTC-1,L1
GTCGAATTTGGGCGCT-1,WM
GTCGCCGTTGTGTGTT-1,WM
GTCGCGTAACCCGTTG-1,L6
GTCGGATATCTCAGAC-1,L5
GTCGGATGTAGCGCGC-1,L4
GTCGGGAAGCAGAAAC-1,L6
GTCGTACCATCTCGGG-1,L6
GTCGTATTGGCGTACA-1,L3
GTCGTCAATTATAAGG-1,L3
GTCGTGTCTGGTCATC-1,L3
GTCGTTATTCGCTTAT-1,L5
GTCTACTCAATTACAA-1,L5
GTCTAGTGAGCCGCTT-1,L3
GTCTATCTGAGTTTCT-1,L6
GTCTATTGGTTCCGGT-1,L4
GTCTCAAGGCCCGGCT-1,L6
GTCTCCTGCCAGTATG-1,WM
GTCTCGACTAAGTTTG-1,L2
GTCTCGATCTGCTTTC-1,L5
GTCTCGCCAACACGCC-1,L2
GTCTGGGCGGTCGAGA-1,WM
GTCTGTAGGTTGAACA-1,WM
GTCTTAGTACAGCCGG-1,L3
GTCTTGAGGAGCAGTG-1,L2
GTCTTGTAGCTATTCA-1,L3
GTGAAACGGCGCCACC-1,L5
GTGAAACGTGCTCCAC-1,L2
GTGAACTCCCATTCGA-1,L3
GTGAAGATTTCAAGTG-1,L3
GTGAAGCCGTATAGTC-1,L3
GTGAAGTCACGACTCG-1,L6
GTGACAGCTTCCCACT-1,L5
GTGACCGCACACTACG-1,L5
GTGACGAGGGTGACCC-1,L2
GTGACGCAGGTTTCAT-1,L5
GTGACTTCAGTAGTGC-1,WM
GTGAGATAACCTTATA-1,WM
GTGAGCGTGCTGCACT-1,L5
GTGAGGACACTTAAGG-1,L6
GTGAGGAGCGGTTGAG-1,L3
GTGAGTGGTACAACGC-1,L6
GTGATCAAGCGTGCAC-1,WM
GTGATCACTAACGCCT-1,L3
GTGATCATAGATCTGC-1,L6
GTGATCCTTGTCATGA-1,L4
GTGATGCACAACATCT-1,L3
GTGATTCGCCGCTCAA-1,WM
GTGCAACAAATGTGGC-1,L3
GTGCACCAGCTTCAAC-1,L6
GTGCACGAAAGTGACT-1,L4
GTGCCATCACACGGTG-1,L6
GTGCCCGTTCGGATTC-1,L5
GTGCCGCTTCAAAGGT-1,WM
GTGCCTAGCTATGCTT-1,L1
GTGCCTCAGTGTACGG-1,L3
GTGCGAAATCGAACAC-1,WM
GTGCGACAGGGAGTGT-1,L3
GTGCGCAGCTTGCTCC-1,L1
GTGCGCTTACAAATGA-1,L1
GTGCGGGACCATCGGC-1,L1
GTGCGGGTCTCCAAAT-1,L5
GTGCGTGTATATGAGC-1,L5
GTGCTCAAGTACTGTC-1,L6
GTGCTTACATCAGCGC-1,L2
GTGGAACCTACATGCG-1,L3
GTGGACCAACCCGATT-1,L6
GTGGACGCATTTGTCC-1,L6
GTGGACGTGCTGAGAC-1,L3
GTGGAGCGTTTACCGA-1,WM
GTGGAGTCGGCGGTTG-1,WM
GTGGCAAACAGCGGCA-1,WM
GTGGCCGGTTTCTCGG-1,WM
GTGGCGGGCCGTAGCT-1,L2
GTGGCGGTCCCAGCGT-1,L5
GTGGCGTGCACCAGAG-1,L1
GTGGGAAGACTGAATC-1,L6
GTGGGCTTAGACACAC-1,L5
GTGGTATAGTCTGCCG-1,WM
GTGGTCAGCGAAGTAT-1,L3
GTGGTGGCCAAGTGAA-1,L5
GTGGTTACTTCTTTCG-1,L3
GTGGTTTCCGCCTTTC-1,L6
GTGTACCTTGGCTACG-1,L5
GTGTATATCAGCGGGC-1,L5
GTGTATGACTTTAAAG-1,L1
GTGTCAGTGTACGTGG-1,WM
GTGTCCGATAAGGCAT-1,L2
GTGTCGTATAGCGTTC-1,L5
GTGTGAATAACTTAGG-1,L5
GTGTGAGCCGAGGTGC-1,L1
GTGTTACTATGCGTCC-1,L6
GTTAAAGTAGGACTGG-1,L5
GTTAACATCACTTAAA-1,L5
GTTAACTATGTTGTCA-1,L3
GTTAAGGGTGCGATGT-1,L5
GTTAAGTTAGAGTGGG-1,L2
GTTAATGTCTATCTTA-1,L3
GTTACAATTGGTGACG-1,L6
GTTACCTACAACTTGC-1,L6
GTTACGAAATCCACGC-1,L1
GTTACTTTGGGCCTAG-1,L6
GTTAGAGTGTGCCGCT-1,L3
GTTAGCCCATGACATC-1,L5
GTTAGCCGTAAATCAA-1,L3
GTTAGGCTACCCGTTT-1,WM
GTTATAATACGGTGAA-1,L3
GTTATATTATCTCCCT-1,L6
GTTATCACCTTCTGAA-1,L2
GTTATTAAATACGACC-1,L3
GTTATTAACGTGGGAG-1,L3
GTTCAATCTATGTCAA-1,L3
GTTCACAGGAGTCTAG-1,L5
GTTCAGTCGCCAAATG-1,L6
GTTCATCGTTTGGCTG-1,L3
GTTCCAAGACAGCGAC-1,L1
GTTCCAGTCTGACCAT-1,L4
GTTCCGTCCGCCTGCA-1,WM
GTTCGCCATAAGTGCC-1,L6
GTTCGCTGAGACGTCT-1,L3
GTTCGGATCGGGAACA-1,L3
GTTCGGGCGTACCATT-1,L3
GTTCGTCTAAAGAACT-1,L4
GTTCGTTGCGGACCAG-1,L1
GTTCTTCCCTCGATGT-1,L3
GTTGAACCGGTTCCAT-1,L6
GTTGAGTCCCGCCGGT-1,L5
GTTGCACGGAGTTTCG-1,L5
GTTGCGGACGGTCAGG-1,L2
GTTGGATTCAGTGGCT-1,L3
GTTGGATTGAGAACAC-1,L5
GTTGGATTTGCGTTGG-1,L6
GTTGGTCATGCTATCC-1,L6
GTTGTCGTGTTAGTTG-1,L3
GTTTACGTTCCATCTG-1,L6
GTTTCAAACGAGTTGT-1,L3
GTTTCATATCGTCGCT-1,L6
GTTTCCTGGAGGGTGA-1,L5
GTTTCTGCAGTCTCCC-1,L6
GTTTGACCAAATCCTA-1,L6
GTTTGAGCGGTTATGT-1,L1
GTTTGGCCCAAGTTAT-1,L5
GTTTGGCCGCTCAGCG-1,L2
GTTTGGGCTTGTGAGC-1,L6
GTTTGGGTTTCGCCCG-1,L3
GTTTGGTAGGGTCAAC-1,L6
GTTTGGTGATCGGTGC-1,WM
TAAACCCAGGAGGGCA-1,WM
TAAAGAGCCCGAAACC-1,L3
TAAAGCGGTATTTCCA-1,L6
TAAAGCGTTAGGAGAA-1,L5
TAAAGCTGCAATAGGG-1,L3
TAAAGGAGAAACTAGT-1,L2
TAAATGAATCCGTTTC-1,L3
TAAATGCCGTCTCATG-1,L2
TAAATTTAGTAACACC-1,WM
TAACAAAGGGAGAAGC-1,L3
TAACAATATTTGTTGC-1,L3
TAACAGCGTTTGTGCT-1,WM
TAACATACAATGTGGG-1,L6
TAACATACACGCGATC-1,WM
TAACCGCCCGCAGTGC-1,L3
TAACCTACCGTCCGAG-1,L3
TAACCTAGGGAGTCCA-1,L3
TAACGCTTTGAGAGCG-1,L4
TAACTATCGAAGGTCC-1,L4
TAACTATTACGCCAAA-1,L3
TAACTCATCCGCGCGG-1,WM
TAACTCCATGGAGGCT-1,L3
TAAGAGGGACAGGGAC-1,WM
TAAGATTTAGCGGGAG-1,L1
TAAGCAGGCGACACGC-1,L5
TAAGCGCGAATCAAAT-1,WM
TAAGGAACTTGTGGGA-1,L3
TAAGGCAACATAAGAT-1,L5
TAAGGCATAACATCAA-1,WM
TAAGGCCCGTCACCCT-1,L5
TAAGGCTGAATCCCTC-1,L3
TAAGGGCCTGTCCGAT-1,L3
TAAGGGCTGGGAGAGG-1,L5
TAAGTAAATGTGCCGC-1,L2
TAAGTAACATCTTGAC-1,WM
TAAGTCGCCGAGTATC-1,WM
TAAGTTGCGACGTAGG-1,L3
TAATAAACAAGGAGAT-1,L3
TAATACACAGTAGTAT-1,L5
TAATAGAACAGAGTTA-1,WM
TAATAGGTCACCAGAA-1,WM
TAATAGTGACGACCAG-1,L5
TAATATTGAAATTCGC-1,L3
TAATCGATCCGTACGT-1,L4
TAATGAAAGACCCTTG-1,L3
TAATTACGTCAGTAGA-1,L3
TAATTAGATGGATATG-1,L1
TAATTAGGACATCCGT-1,L3
TAATTGGAATCGGGAA-1,L3
TACAAATTGCGGAGGT-1,L2
TACAACGCACAACTCA-1,L6
TACAAGCTGTTCACTG-1,L1
TACAAGTCTCGTGCAT-1,L5
TACAGAAACGGTGGGC-1,L4
TACATAGGCATACACC-1,L6
TACATCCCTATCCCTG-1,L6
TACATTTCTAACGTGC-1,L6
TACCAAATAGCCCAGA-1,L6
TACCAATAAAGTACCA-1,L5
TACCAGAAGTAGGTTC-1,WM
TACCAGCTAGGTTTAA-1,L3
TACCAGGAATCCCGTC-1,WM
TACCGCGGACTTGCAG-1,L3
TACCGGCTCACTGCCC-1,L6
TACCGGTCGTTTCCAT-1,L6
TACCGTAGGTTAACTA-1,L6
TACCGTGCCTCGGACC-1,L6
TACCTACTCCCAGTAT-1,L6
TACCTCACGCTTGTAC-1,L4
TACCTCAGTTGTCTGT-1,L6
TACCTCCACACCAATG-1,WM
TACCTGCTGCACTGTG-1,L4
TACCTTAAGATTTCCC-1,WM
TACGAACACGACTTCA-1,L6
TACGACGCTTGCTGCG-1,L6
TACGACTGCCTCTTAG-1,L6
TACGAGAACTTCACGT-1,L6
TACGATGTTGATCATC-1,L5
TACGCAGTTCTTTCCT-1,L6
TACGCCATATTCTAAT-1,L6
TACGCCGAGGGTACCC-1,WM
TACGCCTCCATTCCGA-1,L6
TACGCTATAGAAACCT-1,L3
TACGCTCGGTATTGGA-1,L2
TACGCTGCTGTGTTAA-1,WM
TACGGGATGCTAGCAG-1,L5
TACGTAAAGCGGAGTG-1,L3
TACGTACTAGTGCTGA-1,WM
TACGTGCACTATGCTG-1,L3
TACGTTTACCGGCAAT-1,L6
TACTATGGTTCCTCAG-1,WM
TACTCCTCTAGTTGAC-1,WM
TACTCGGCACGCCGGG-1,L5
TACTCTCCGAACAAAT-1,L5
TACTCTTACTTTACTG-1,L2
TACTCTTTCGTCTTCA-1,WM
TACTGAACAGATTTAG-1,WM
TACTGAGGGAAGAAAG-1,WM
TACTGCAATCAATTAC-1,L3
TACTGGACAGCTCGGC-1,L5
TACTGTTTCTCTGGTA-1,L2
TACTTGTTAGTAGTCC-1,L5
TACTTTACTGAGCCGG-1,L3
TACTTTCCGCACGCCA-1,L6
TAGAAACCACTAAGTA-1,L3
TAGAAAGGTGGCGCTA-1,L5
TAGAAATTCACGTATA-1,L5
TAGAATAGCCGATGAA-1,L3
TAGAATTAAGGGCAAC-1,L3
TAGACGAAACGCCAAT-1,L5
TAGACGCCCGTACCGG-1,L5
TAGACTACCTAGCGTT-1,L3
TAGAGATCATGCAACT-1,L6
TAGAGCTACGAAGAAC-1,L3
TAGAGGTTCTACTTGT-1,L3
TAGAGTCTAAGCGAAC-1,L6
TAGATATGGACTGGAA-1,L6
TAGATCCGAAGTCGCA-1,L3
TAGATGGTTCCTTACT-1,L3
TAGATTCAAAGTGCGG-1,WM
TAGATTCCTGGTTATT-1,L5
TAGCAACCTGTCACAA-1,L3
TAGCAGTATGACTAAA-1,L3
TAGCCAGAGGGTCCGG-1,L1
TAGCCATTTCAAAGTC-1,L5
TAGCCGGCGGTCAGCG-1,L5
TAGCGTCCCTCGATTG-1,L3
TAGCGTCCGGTGTGGT-1,L5
TAGCGTTGGGTCTTAC-1,L6
TAGCTAAGTCCGGGAG-1,L6
TAGCTAGAAGGCATGA-1,WM
TAGCTAGTGATGATGG-1,WM
TAGCTCGCCTGATAAC-1,L6
TAGCTGATGTGAAGCG-1,L5
TAGGAACAGCCTCCAG-1,L3
TAGGCATGTTACGCCA-1,L5
TAGGCCTATATAGTCT-1,
TAGGCGATGAGGTCTC-1,WM
TAGGCGGCTGCAAAGA-1,WM
TAGGCTAAAGTGGCAC-1,L3
TAGGGAGCTTGGGATG-1,L3
TAGGGTGTTTCAAGAG-1,L5
TAGGTCCAAGTAAGGA-1,L4
TAGGTCGCCGGAACTG-1,L3
TAGGTGACGATAACCT-1,L5
TAGGTGAGCCCTACTC-1,L5
TAGGTGCTCGCCTAGC-1,L5
TAGGTGTTCCACAGAT-1,L6
TAGGTTCGAGTTCGTC-1,L6
TAGTACCACAACTTTC-1,WM
TAGTACCTTAGTGGTC-1,L3
TAGTAGCTTATACCAG-1,WM
TAGTCCCGGAGACCAC-1,L6
TAGTCCGCAGAGAATG-1,L6
TAGTCCGTATGCATAA-1,L1
TAGTCGATCACGGGTT-1,L3
TAGTCTAACAACGAGA-1,L6
TAGTCTGCGGCACATT-1,WM
TAGTCTGTGACGTTGC-1,L3
TAGTCTTTCCGAATTG-1,L2
TAGTGCCCTCCAGAGT-1,L6
TAGTGGAACTCATACA-1,L3
TAGTGTCAGAAACGGC-1,L3
TAGTTAAGATAGGATA-1,L3
TAGTTTATTCTTGCTT-1,L3
TATAAATCCACAAGCT-1,L4
TATAAGTGAGGATAGC-1,L4
TATACACAGACGCCTT-1,L6
TATACACGCAAAGTAT-1,L3
TATACCGAGTGCCACA-1,L2
TATACGCGTCATCACT-1,L6
TATACTCATGCGGCAA-1,L3
TATAGAGTCGCTTGAA-1,WM
TATAGATGGTCGCAGT-1,L3
TATAGGGTACTCATGA-1,L5
TATATAGGGCTTTACG-1,WM
TATATATCGAGAAATG-1,WM
TATATCAAAGTGATCT-1,WM
TATATCCCTGGGAGGA-1,L3
TATATTACAAATGTCG-1,L3
TATATTCGCGTCGATA-1,L3
TATCACAGCACGGGCA-1,L2
TATCACCATGTAAAGT-1,L3
TATCACCCAACCGACC-1,L3
TATCACTTCGAGTAAC-1,L3
TATCAGTGGCGTAGTC-1,WM
TATCCAATTGGTTATC-1,L5
TATCCATATCATGCGA-1,L4
TATCCATCTCGGTTAG-1,WM
TATCCGCACCGTCGGG-1,L6
TATCCTATCAACTGGT-1,L6
TATCCTGCATGGGAAT-1,L3
TATCGATCTATGCATA-1,L5
TATCGATGATTAAACG-1,L5
TATCTACAGAGGTAAT-1,L4
TATCTACCACAGCGGG-1,L6
TATCTAGCCTAAAGGA-1,L4
TATCTGAGCCGATATT-1,WM
TATCTTGCAATACAAC-1,WM
TATGAAGACAGGTGCG-1,L4
TATGATAAATCTAACG-1,L3
TATGATCCGGCACGCC-1,L2
TATGATCTTCTCTTTA-1,L3
TATGATTCTGCTTGGT-1,L1
TATGCTCCCTACTTAC-1,L5
TATGGAGTTTCTCGTT-1,L1
TATGGATGTGCTACGC-1,L5
TATGGCCCGGCCTCGC-1,L5
TATGGGACCGAGCAGG-1,L6
TATGGGTACGTATCGT-1,L6
TATGGTCTGAGTAACA-1,L6
TATGGTTAGTGGGAGA-1,L3
TATGTAAAGTGCTTAA-1,WM
TATGTAGAAACCCGGC-1,WM
TATGTCAAGACCGACT-1,L3
TATGTCTCATTGTGCC-1,L5
TATTAACACCAAAGCA-1,WM
TATTAACCTGACCGCG-1,WM
TATTACCATCCTGCTT-1,L4
TATTATGTTTGCCTGC-1,WM
TATTCAATTCTAATCC-1,L6
TATTCCACTCAGCTCG-1,L6
TATTCCGAGCTGTTAT-1,L5
TATTCCGGCAGTCCTA-1,L2
TATTCCTCCGCCCACT-1,WM
TATTCGTGCCAGAATA-1,L6
TATTGCCGGGCTTGTA-1,
TATTTAGTCTAGATCG-1,L4
TATTTATACCGAGTAG-1,L4
TATTTGATTTGCACAG-1,L2
TATTTGTTACCCTTTA-1,L5
TCAAACAACCGCGTCG-1,L5
TCAAACTTAGATTGTT-1,L6
TCAAATTTGAGACTCA-1,L6
TCAACAAAGATAATTC-1,WM
TCAACACATTGGGTAA-1,L2
TCAACATAGCGCCCTA-1,WM
TCAACATCGACCGAGA-1,L6
TCAACCATGTTCGGGC-1,L5
TCAACGAGGAGACAAA-1,L6
TCAACGCAGGAAATAA-1,WM
TCAACGCGACCGGCAG-1,L5
TCAACTAACGTATAAC-1,L4
TCAACTGCAGAGTCAG-1,L3
TCAAGAAATACTAGCT-1,L3
TCAAGCGCGGACGGTA-1,L2
TCAAGGTTACTACACC-1,L3
TCAATACGCCGTCATG-1,L6
TCAATCCGGGAAGTTT-1,
TCACAAACCGAGGTAC-1,L3
TCACAGATCCTCAAAC-1,L1
TCACAGCAAACTCGAA-1,WM
TCACAGGAGAATAAGA-1,WM
TCACAGGGAATCGCAA-1,L5
TCACAGGTTATTGGGC-1,L6
TCACATCTTATCTGAT-1,L3
TCACCCTCTTAAGATT-1,L6
TCACCGCTCGGCACTC-1,L4
TCACGATGTCCGTGGA-1,WM
TCACGCATTGTAGATC-1,L6
TCACGGCCCAAGAGAG-1,WM
TCACGGTCATCGCACA-1,L5
TCACGTGCCCGATTCA-1,L6
TCACTACGACCAATGC-1,L3
TCACTATCGTGCAATC-1,L1
TCACTCAGCGCATTAG-1,L1
TCACTCGTGCAACGGC-1,L3
TCAGAACCTCCACAGG-1,L3
TCAGACGCTATAGAAG-1,L6
TCAGCAAATGCATCTC-1,L6
TCAGCAGTAGGCCCTG-1,WM
TCAGCCAATCCGTAAA-1,L3
TCAGGGCGCAAACTCG-1,L3
TCAGGGTGCACGAAAC-1,L3
TCAGGGTGTAACGTAA-1,L6
TCAGGTTCTTTGAGAA-1,L5
TCAGTACTGACCCGCG-1,L5
TCAGTAGGGACTATAA-1,WM
TCAGTGTATACGTCAT-1,WM
TCAGTTACGGAATGAT-1,L3
TCATACTTACAGATCC-1,L3
TCATATGAGCTTTGTT-1,L6
TCATCACTCGAGCTCG-1,L3
TCATCCCAGAGGGTGG-1,L3
TCATCGATGGTCCCAA-1,WM
TCATGCAGGTTCTCAT-1,L4
TCATTTAAGTCTCCGA-1,L3
TCATTTAGAAGTGTGA-1,L3
TCCAACTCAGCTATCT-1,L3
TCCAACTTTAAATTCT-1,L6
TCCAAGCCTAGACACA-1,L5
TCCAATAAAGGCTACC-1,L6
TCCACAATGGTTTACG-1,L5
TCCACATCGTATATTG-1,L6
TCCACCAAGACATAGG-1,
TCCACCTCTAGCCTTT-1,L6
TCCACTTTATCTAGGT-1,L5
TCCAGAGCACCGGTTC-1,L6
TCCAGCGCTATAAGCG-1,L2
TCCAGGCGAGTACGGT-1,L6
TCCAGGGTATATACGA-1,L6
TCCATCAATACTAATC-1,WM
TCCATTAGTTGGATAG-1,L1
TCCATTGTGACCTCGT-1,L3
TCCCAAACAGACAACG-1,L2
TCCCAAAGACGAAGGA-1,L5
TCCCAAAGCCCTAAAT-1,L2
TCCCACGGAGGGAGCT-1,L2
TCCCACTCTCTTCCGG-1,L3
TCCCAGCTTTAGTCTG-1,L6
TCCCAGGCTTAGCTAA-1,L5
TCCCGCGTACTCCTGG-1,L6
TCCCGGGTGTGCTGCT-1,L5
TCCCGGTCAGGAATTT-1,L1
TCCCGTCAGTCCCGCA-1,L5
TCCCGTGTGCAATTTG-1,L5
TCCCTAGATCAATAGG-1,L2
TCCCTGGCGTATTAAC-1,WM
TCCCTGGCTCGCTGGA-1,L5
TCCCTTAGATTACTCG-1,L4
TCCCTTGTCTGAAACT-1,
TCCGAACTTGGCTTAC-1,L5
TCCGAAGTAGTCACCA-1,L2
TCCGAATGGTCCTGAG-1,L2
TCCGACCGCTAATCAA-1,WM
TCCGAGAAGGCTAAGC-1,L1
TCCGATAATTGCCATA-1,L5
TCCGATGACTGAGCTC-1,L5
TCCGATGGTGCGACAT-1,L5
TCCGATTACATTGCCG-1,L5
TCCGCCTGTCTACAAG-1,L5
TCCGCGGCAGCATCTG-1,L5
TCCGCGGCCCAATGAA-1,L3
TCCGCTGTCATCCCGG-1,L5
TCCGCTTATCCCATTA-1,L6
TCCGGAGGAAGGGCTG-1,L2
TCCGGCCTAGCGTACA-1,L3
TCCGGCCTGCATCGAT-1,L3
TCCGGGCTTGACGGGA-1,L3
TCCGGTTCGTCCGGTC-1,L6
TCCGTAACCACAATCC-1,L3
TCCGTTAAGCTAATAT-1,L3
TCCGTTTAGCCTTGAA-1,L5
TCCTAAATTGGGAAGC-1,L6
TCCTAACCGTCGGGCA-1,WM
TCCTACATCCACGGCC-1,L5
TCCTAGCAAAGAAGCT-1,L6
TCCTCCTAAGACATTC-1,L6
TCCTCGGGCTGGGCTT-1,L6
TCCTCTACGAGATGGC-1,L4
TCCTCTCCAGTTGTCC-1,L4
TCCTCTGGCCCATTAG-1,L3
TCCTGCCAACTGGAGA-1,L3
TCCTGCGTTGATACTC-1,L6
TCCTGGCGCTGCCTGG-1,L2
TCCTTACGACGGTCCG-1,L3
TCCTTCAGTGGTCGAA-1,L3
TCCTTGTCCTTTAATT-1,L5
TCCTTTAAATCCGCTT-1,L3
TCCTTTCTTACGCTTA-1,L6
TCGAAATTTAGGACCA-1,L5
TCGAAGAACCGAGCAC-1,L3
TCGAATATCCCGCAGG-1,WM
TCGACAACTGAACCCG-1,WM
TCGAGACCAACACCGT-1,L6
TCGAGCCAGGCAGGCC-1,WM
TCGATAGGCTAGTCGC-1,L2
TCGCAAAGATGCATTT-1,L6
TCGCACCAGGAGGCAG-1,L5
TCGCATAAAGGGCGCA-1,L2
TCGCATCCCTAAGTGT-1,L3
TCGCATTCAATGACTT-1,L1
TCGCCCAACTGACTCC-1,L1
TCGCCGAAGTTGCGTC-1,WM
TCGCCGACATATTCGC-1,L3
TCGCCGGTCGATCCGT-1,L5
TCGCCTCGACCTGTTG-1,L1
TCGCGTAGCAGTGTCC-1,L3
TCGCGTCCAGAAGGTC-1,L5
TCGCTAAACCGCTATC-1,L4
TCGCTACTGGCTTTGA-1,L5
TCGCTCGATATATTCC-1,L6
TCGCTCGGCACCAGCG-1,L3
TCGCTGGGCGGATTGT-1,L6
TCGCTGTGCGTAAATC-1,L3
TCGCTTTAAACGTTTG-1,L5
TCGGAATGACCATCAA-1,L3
TCGGAATGCGCTCTGA-1,L5
TCGGACGCCCAGCCCA-1,L5
TCGGAGAGTATCGGGA-1,L6
TCGGAGTACATGAGTA-1,L6
TCGGATCTGGATGACC-1,WM
TCGGCGAACCCAAACC-1,L3
TCGGCGTACTGCACAA-1,L6
TCGGCTAACTTCCCTT-1,L3
TCGGCTTGTATCGACG-1,L3
TCGGGAACGTGCCTAG-1,L3
TCGGGAGACAGCGTAC-1,L5
TCGGGATTCAAACATA-1,L5
TCGGGCACTTCTGGAT-1,L1
TCGGGCCGTCGTGGTA-1,L5
TCGGGTGAAACTGCTA-1,L3
TCGGTCCCGACAATAG-1,WM
TCGGTCCCTGACTCCA-1,L3
TCGGTGACCGCTCCGG-1,L2
TCGGTTAGCCATGTAG-1,L3
TCGTAAGACGACATTG-1,L5
TCGTAAGCTCCGAGGA-1,L3
TCGTATAGTGCAATTA-1,L3
TCGTATTACCCATTGC-1,L5
TCGTATTTCGTCCGGA-1,L3
TCGTCAAGTACGCGCA-1,WM
TCGTCACACTGTTAGC-1,L3
TCGTCCGCTGGCGTCT-1,L4
TCGTCTTAGGCGTTAA-1,L5
TCGTGTACTATGGATG-1,L5
TCGTGTATTGGTCACG-1,L2
TCGTGTCACGCTGACA-1,L6
TCGTGTTCGACCACAA-1,L3
TCGTTAGGAGTCCCTA-1,L6
TCGTTCGTTATTATGT-1,L3
TCGTTGCTATCCGGTC-1,WM
TCGTTGGCTCGTCAAT-1,L1
TCTAAAGAACAGTCTC-1,WM
TCTAACTGTATGTAAA-1,L3
TCTAATACTGCCTCAG-1,WM
TCTACACGTTCATGCA-1,L3
TCTACCCAATAGAGAG-1,L3
TCTACCGTCCACAAGC-1,L6
TCTAGCAATCTCCGCC-1,L6
TCTAGCATCTTCGATG-1,L5
TCTAGCATGCCCAGAA-1,L6
TCTAGGTGGCGACGCT-1,L3
TCTAGTGATATCGTGG-1,L3
TCTAGTTATCAGAAGA-1,L6
TCTATAGGTGGGTAAT-1,
TCTATCATGCAGTTAC-1,L3
TCTATCGGTCGCAACA-1,L5
TCTATGCTATAACGAC-1,L3
TCTATTACGCTGGCGA-1,L3
TCTATTACTAGAGGAT-1,L5
TCTCATGAGATAGGGT-1,L5
TCTCCAACGTAGGTTA-1,L5
TCTCCACAAGTTGAAT-1,L3
TCTCCCTGGGCAGCGT-1,L5
TCTCGAACGAGGTCAC-1,L3
TCTCGACGTATCGCCG-1,L3
TCTCGAGGAGGTTCGC-1,L3
TCTCGGCTCCAGGACT-1,L2
TCTCTAATAGCTGGTA-1,L5
TCTCTCGCCGCACATA-1,L2
TCTCTTACCGCGAACC-1,WM
TCTGAACCGGTCGGCT-1,L3
TCTGAACTCGTACCCG-1,L4
TCTGAAGCACGTGGTC-1,L5
TCTGAATTCCGTACAA-1,L4
TCTGACTGTAATGGTT-1,L1
TCTGAGCAATTGACTG-1,L2
TCTGATGTATTCTGTC-1,L5
TCTGCATACCTTGCTT-1,L3
TCTGCCAGAAACTGCA-1,L5
TCTGCGTCCGGTTTCT-1,L2
TCTGGGAACCTTTGAA-1,L3
TCTGGGTAGCGCTCAT-1,L6
TCTGTCATACAAGAGC-1,L3
TCTGTGACTGACCGTT-1,L1
TCTGTGCCATCATAGT-1,L5
TCTGTGGCTACATTTC-1,L1
TCTGTTACCCAGCATA-1,WM
TCTTACAGAGGTACCG-1,L3
TCTTACCGGAACTCGT-1,L4
TCTTACGGCATCCGAC-1,L4
TCTTACTTATGCCTCT-1,L4
TCTTAGAGCTCCAATT-1,L3
TCTTAGAGTGAACTCT-1,L3
TCTTATGGGTAGTACC-1,L1
TCTTCCCATGGGCACA-1,L3
TCTTCGAATAGACGTT-1,L6
TCTTCGATACCAATAA-1,L6
TCTTCTATAACCCGCC-1,L3
TCTTGATGCGTAGCGA-1,L6
TCTTGCTCCCGATACT-1,L6
TCTTGGTAACACCAAA-1,L5
TCTTTAAGACTATGAA-1,L3
TCTTTAGAGTCTAACA-1,L2
TCTTTCTCTTAAGGAG-1,L3
TGAAACCTCAACTCAC-1,L1
TGAAACTTATGCAAGC-1,L3
TGAAAGGACCTGACTC-1,L5
TGAACAAGCAGGGACT-1,WM
TGAATACCGACGCGTA-1,L4
TGAATGAGTGTTTCCC-1,L6
TGAATGTCAGCCGGCC-1,L3
TGACACTTCTCTTTGC-1,L3
TGACAGGACAAGTCCA-1,WM
TGACATCGAGCGGACC-1,L3
TGACATGTAACGTGAC-1,L6
TGACCAAATCTTAAAC-1,L6
TGACCAGCTTCAAAGT-1,L3
TGACCCAACTCACATT-1,L1
TGACCCACGTTAGACA-1,L6
TGACGAATATTTCCCT-1,L6
TGACGATGCACTAGAA-1,L4
TGACTATAATCCTTTC-1,L6
TGACTCCGAATCATAC-1,WM
TGAGAATGCTTTACCG-1,L4
TGAGAGATTTACCACG-1,L5
TGAGATCAAATACTCA-1,L3
TGAGATTAGGCCCTAA-1,L3
TGAGCAGTCGTGAAGT-1,L1
TGAGCCATACAGTCTC-1,L6
TGAGCGGAAAGTGTTC-1,L6
TGAGCTTTAATGACGC-1,L4
TGAGGAGTGCCAGCTT-1,L6
TGAGGCATGTACTGTG-1,WM
TGAGGTTGATCCCAAG-1,L1
TGAGTAAATTAGCGTA-1,L6
TGAGTGCCTCTTAAAT-1,WM
TGAGTGGTCCGTGACG-1,L5
TGAGTGTAACAACGGG-1,
TGAGTTAAAGACATTC-1,L3
TGATACATTTAGCCGT-1,WM
TGATAGCGGGATTCTA-1,L3
TGATCAGGGAACTGCT-1,L6
TGATCCCAGCATTAGT-1,L3
TGATCGGTTTGACCCT-1,L5
TGATCTACGCTGATCT-1,L3
TGATCTCCGGCGCCAG-1,L5
TGATGGCTGTTTCTGA-1,L2
TGATGGGACTAAGTCA-1,L1
TGATGTCAATTAAGTG-1,L3
TGATTATGGCACGCAG-1,L1
TGATTCAGGTCCCGCG-1,L6
TGATTCCCGGTTACCT-1,L6
TGATTCGTCTATCACT-1,L5
TGATTCTGTCGCCGGT-1,WM
TGATTTATTAGCTGTG-1,L6
TGATTTCCTCCTGACG-1,L3
TGCAACCCATCTGCGG-1,L3
TGCAAGAATGACGTAA-1,L6
TGCAATCTAACACGGT-1,L3
TGCAATTTGGGCACGG-1,L3
TGCACAGTGAAGTTAT-1,L3
TGCACGAGTCGGCAGC-1,L3
TGCACTATGTGAGTGC-1,L2
TGCAGAACTATATCGT-1,L6
TGCAGAGTACCGAGCA-1,L6
TGCAGATCGTCCTAGG-1,L6
TGCAGCTACGTACTTC-1,L5
TGCAGGATCGGCAAAG-1,L5
TGCAGTGGTAGGGAAC-1,WM
TGCAGTTTCCTCCCAT-1,L5
TGCATATGTCTGTCAC-1,L5
TGCATGGATCGGATCT-1,L5
TGCATGTGACCCATAG-1,WM
TGCATGTGGTAATCTA-1,L5
TGCCAAAGTCAGACTT-1,L6
TGCCAATGGGTACTCT-1,L6
TGCCACCTGGCGAAAC-1,L5
TGCCAGTACGTGGAGA-1,L6
TGCCATGGCTTATAAG-1,L2
TGCCATTACTAAAGAA-1,L5
TGCCCGTACCGTTAAA-1,L6
TGCCGGATGTACGAGC-1,WM
TGCCGTGGATCGTCCT-1,L6
TGCCTAATTGAAGATT-1,L3
TGCCTGACATCGGTCA-1,L2
TGCCTGATCAAACGAT-1,L5
TGCCTTGGCCAGGCAA-1,L5
TGCGAATATGGGATTT-1,L6
TGCGACACCCTAGTGC-1,WM
TGCGACGGCCGAACGT-1,WM
TGCGAGAATATTACCC-1,WM
TGCGAGCCCTTCCGCG-1,L3
TGCGCAAAGCATTTGG-1,L6
TGCGCGATTAACGGAG-1,L5
TGCGGACTTGACTCCG-1,L5
TGCGGAGTAAAGGTGC-1,L5
TGCGGCATAGTTCAAC-1,L3
TGCGGGTATTGGGATC-1,L2
TGCGGTCTACGAGTAA-1,L2
TGCGGTGAAATTTCAT-1,L3
TGCGTAAGAACCTGAT-1,WM
TGCGTCATGACTGAGC-1,WM
TGCGTGATTGGGTGTC-1,L1
TGCGTTTGTTGACACT-1,L6
TGCTAAGTGTCTATTT-1,L4
TGCTATACAAACGGAC-1,L2
TGCTCCACAGTTCTTA-1,L4
TGCTCGGCGAAACCCA-1,L6
TGCTCGGTGGGTCACC-1,L5
TGCTCTTGAGAGTTTG-1,L5
TGCTGGTTGGACAATT-1,L4
TGCTGTTGAAGAACTC-1,L6
TGCTTAGAGAGAATGC-1,WM
TGCTTCCCAAGCAGTA-1,L6
TGGAAACGGAGTGAAC-1,L1
TGGAACCACTGACACA-1,L3
TGGAAGAAGGGAACGT-1,L6
TGGAAGACGAACACCA-1,L3
TGGAAGGATAAAGATG-1,L5
TGGAATATCCTTGACC-1,L3
TGGAATTAGACGCTTT-1,L3
TGGACCAATCTAAGAT-1,L5
TGGACGCAATCCAGCC-1,WM
TGGACTGTTCGCTCAA-1,L6
TGGAGAATAATCGTCC-1,WM
TGGAGCTAAAGTTCCC-1,L3
TGGAGTGATGCGATGA-1,L5
TGGCAAACTAAATTAC-1,L5
TGGCAACTCGCGCGCC-1,L5
TGGCAAGCACAAGTCG-1,L6
TGGCAATGGGACGGCG-1,L3
TGGCACGAGCTCGAGT-1,L2
TGGCAGATTACGATCA-1,L6
TGGCAGCAGTAATAGT-1,L6
TGGCATGAAGTTTGGG-1,WM
TGGCCAAACTGAAGTA-1,L5
TGGCCAATTTGGTACT-1,L6
TGGCCGTATATTGACC-1,L5
TGGCGACTGCTCCAAA-1,WM
TGGCGATCAAGTTATG-1,L6
TGGCGGTGTGCGATTG-1,L1
TGGCTACACTCTACCT-1,L3
TGGCTATGTGACATAC-1,L5
TGGCTCTTGTCGCGTA-1,L5
TGGCTTTGGGTAGACA-1,L4
TGGGAAATGCCTTTCC-1,L3
TGGGATGCACTCATTC-1,L3
TGGGCAATAGTTGGGT-1,L3
TGGGCACAAACAGAAC-1,L2
TGGGCACGTTCTATGG-1,L3
TGGGCAGGCCACCGCA-1,L2
TGGGCCACAAGAGCGC-1,L5
TGGGCCCATACTAATT-1,L5
TGGGCCTTGCCTGCAT-1,L1
TGGGCGATACAATAAG-1,L6
TGGGTAAGGTTCCCGC-1,L3
TGGTAAGCAGGATTGA-1,L5
TGGTAGAATATATGGG-1,L3
TGGTATCGCATCCCAA-1,L3
TGGTATCGGTCTGTAT-1,L3
TGGTCCCACGCTACGG-1,L5
TGGTCTGTTGGGCGTA-1,L5
TGGTGATCGTATTTGT-1,L3
TGGTTAACTTACATTT-1,WM
TGGTTCAACGGGTAAT-1,L6
TGGTTCGTAGCAAAGG-1,L5
TGGTTGGAGGATCCTG-1,L3
TGGTTTAAACGTGGGT-1,L2
TGTAACTTGTCAACCT-1,L1
TGTAATGACCACAATA-1,L5
TGTACCCGACCCTAAT-1,WM
TGTACCTACACGAGGG-1,L3
TGTACGAACAAATCCG-1,L6
TGTACGCTATCAGCTT-1,L2
TGTACTGTGCCAAAGT-1,L1
TGTAGCCATCCCATTC-1,L2
TGTAGGAGAAATTTCC-1,L5
TGTAGTGATCTATAAT-1,L5
TGTATAACAGATCCTG-1,L5
TGTATCCTTATTCCAT-1,L3
TGTATGGCGCAGACAG-1,L4
TGTATTTACCTAATGC-1,L2
TGTCATTTGTTGGGAA-1,L3
TGTCCACGGCTCAACT-1,L3
TGTCCCGACATAGCAC-1,L3
TGTCCGTGGCGCCTTT-1,L4
TGTCCTAAGTCACCGC-1,L5
TGTCGGCATGGTGGAA-1,L1
TGTCGTTATCACATAT-1,WM
TGTCTACAGTTTCTGT-1,L3
TGTGACTACGCCAGTC-1,L5
TGTGAGACTAGCCCAA-1,L6
TGTGATTCCAGCGCTT-1,L2
TGTGCCGGTGCCGGAA-1,L3
TGTGCTTTACGTAAGA-1,L5
TGTGGAGGAAGCTTAA-1,L1
TGTGGCAAAGCGTATG-1,L5
TGTGGCGGGCTTCTGG-1,L6
TGTGGCTCCCACCAAC-1,L2
TGTGGTTGCTAAAGCT-1,L6
TGTGTCGCGAGTTGCA-1,L4
TGTGTTCGTATCCAAG-1,L4
TGTTATTGTATGTGGC-1,L5
TGTTCCGCTTCCATGA-1,L6
TGTTCCGGCCTGAGCT-1,L6
TGTTCGTATTGCGGTG-1,L6
TGTTCTTCCATTGACT-1,L6
TGTTGTCAAGAAGTCT-1,L5
TGTTTAATACTTCATC-1,L3
TGTTTCGGTACTTCTC-1,L4
TGTTTCTGAAGCGTGC-1,WM
TGTTTGAGATCGTCAG-1,L2
TTAAACAGAGTCCCGC-1,L1
TTAAACCGGTAGCGAC-1,L3
TTAAACCTGGTTCCTT-1,L3
TTAAACTCGAATTCAT-1,L4
TTAACACCTCGAACAT-1,L3
TTAACCAACCCTCCCT-1,L5
TTAACGTCGCAAGACC-1,L3
TTAACTCACGCGTGGA-1,L3
TTAACTTCAGGTAGGA-1,L6
TTAAGACGAACGAACC-1,L3
TTAAGATAGGATTGAC-1,L3
TTAAGCCGACAACTTC-1,L3
TTAAGCGCCTGACCCA-1,L5
TTAAGGATACGGAGGT-1,L1
TTAAGGCCCGTACTTT-1,WM
TTAAGTATTGTTATCC-1,L3
TTAATCAGTACGTCAG-1,L5
TTAATGCGAGGTAACT-1,L3
TTAATGTAGACCAGGT-1,L6
TTAATTGCTTTGGGTG-1,L5
TTAATTTCAGACGCGG-1,L4
TTACAACTACGCATCC-1,L5
TTACACGATCTGCGAC-1,L2
TTACAGACCTAAATGA-1,L3
TTACATCGTGGCCTGG-1,L3
TTACATGCCACAACTA-1,L3
TTACCATTGATTACCC-1,L5
TTACCCATTGCCGGGT-1,L4
TTACCCTAACAGTCCT-1,L3
TTACCCTAGGGATTGG-1,L6
TTACCGCCTTAGGGAA-1,L1
TTACGGATGGTTCGAG-1,L4
TTACGGTGTCACCGAG-1,L1
TTACGTAGCGCGTGCT-1,L1
TTACTAAAGGACTTTA-1,L5
TTACTATCGGCTTCTC-1,L5
TTACTCCGGCCGGGAA-1,L6
TTACTCTGGTACGTAC-1,L6
TTACTGGGATATTTCA-1,L6
TTACTGTTTCTCTACG-1,L2
TTAGAAGAACATGACT-1,L6
TTAGAATAAGGGTCGG-1,WM
TTAGACACGATCGTTG-1,L3
TTAGACGAGTCACCTC-1,L5
TTAGAGTTTAGAAGGA-1,L5
TTAGATAGGTCGATAC-1,L1
TTAGCAACATGGATGT-1,L3
TTAGCTAATACGATCT-1,L3
TTAGCTCTGTAATCCG-1,L4
TTAGCTGATTTGCCGT-1,L4
TTAGGTCATAACCGAC-1,WM
TTAGTAAACCTGCTCT-1,L3
TTAGTAGGGCGGCGGG-1,L5
TTAGTTATTCGTGGCA-1,L4
TTAGTTCAAGTGTTCG-1,L2
TTATAGATGCACATTA-1,L2
TTATAGGTAATTGTCT-1,L5
TTATATACGCTGTCAC-1,L6
TTATATTTGGCAATCC-1,L6
TTATCCAATCGAACTC-1,L2
TTATCCGGGATCTATA-1,L5
TTATCCTCAAGGAATA-1,WM
TTATCGCCTGCGAAGC-1,L3
TTATCTGACATTAGGA-1,L6
TTATCTGTATCATAAC-1,L5
TTATGAATGAAAGGGA-1,L6
TTATGACAAACTGGAT-1,L5
TTATGATCTTAACGAA-1,L5
TTATGCGTCCCGGTCC-1,L1
TTATGTTTGCGATAGA-1,L3
TTATTAGAGCGTGTTC-1,L6
TTATTAGGGAAGCATC-1,L3
TTATTTCATCCCAAAC-1,L1
TTCAAAGTCTCTAGCC-1,L6
TTCAACGACCCGACCG-1,L4
TTCAAGCCGAGCTGAG-1,L3
TTCAATACTCTGAATC-1,L5
TTCAATTAGCCATAAT-1,L3
TTCACGAAAGGATCAC-1,L6
TTCACTCGAGCACCTA-1,L6
TTCACTTCCTAGAACG-1,L6
TTCAGAGTAACCTGAC-1,L1
TTCAGCCCTGGTCCAC-1,L5
TTCAGCTGGCGTGCCC-1,L3
TTCAGGCGTCAAAGCC-1,L5
TTCAGTTCAAGAGGAG-1,WM
TTCATAGCCTTGTAAC-1,L1
TTCATGGCGCAACAGG-1,L5
TTCCAATCAGAGCTAG-1,L3
TTCCAATCTGGCTATC-1,WM
TTCCACACAGATTTGA-1,WM
TTCCACATTTCTCGTC-1,L2
TTCCAGACGAGATTTA-1,L3
TTCCATCATGCGGTGA-1,L3
TTCCATCGACAGCGTG-1,L3
TTCCCGACGCTTCACT-1,L3
TTCCCGGCGCCAATAG-1,L6
TTCCGCAGAGAAATAT-1,L3
TTCCGCGTGAGGCGAT-1,L6
TTCCGGCCTTGAGGCT-1,WM
TTCCGGCTCGACTTCT-1,L1
TTCCGGTATCTGTGTC-1,L2
TTCCGGTTACCCACTT-1,L5
TTCCTCGAGGGTGTCT-1,L5
TTCCTCGGACTAACCA-1,L5
TTCCTCTGCCCGAATA-1,L5
TTCCTTTCTGTGTTGC-1,L1
TTCGACAGAGCCCGTG-1,L6
TTCGACGGGAAGGGCG-1,L5
TTCGCACTCGCGTGCT-1,L5
TTCGCACTGTACGACA-1,L6
TTCGCATCCGGAAGCA-1,L1
TTCGCCGCTCGCGCTA-1,WM
TTCGCGCGCCATACGA-1,WM
TTCGCTAGGAAGTTGT-1,L2
TTCGCTATCTGACGTG-1,L3
TTCGGACTGATGCCTT-1,L2
TTCGGACTGGGCATGG-1,WM
TTCGGCAACCCGCTGA-1,L3
TTCGGCTAGAGATGGT-1,L3
TTCGGGACTAATCGCG-1,L6
TTCGGGCGCTAGTCTT-1,WM
TTCGGTACTGTAGAGG-1,L6
TTCGTAATCCCAGCGG-1,L3
TTCGTACTCCAGAACG-1,L5
TTCGTTCAACGAAGTT-1,L3
TTCTAACCGAAGCTTA-1,L5
TTCTACCTCAATCGGT-1,WM
TTCTACCTTTATGTTG-1,L3
TTCTACTTGCGAGGGC-1,L3
TTCTAGAAAGTCTTAT-1,WM
TTCTAGGCCAATTGTG-1,L4
TTCTATTAAACGCAGC-1,L6
TTCTCTTACAGGTGAT-1,WM
TTCTGACCGGGCTCAA-1,L5
TTCTGCCGCGCCTAGA-1,L6
TTCTGCGAGCGCCCTT-1,L5
TTCTGCGGGTTAGCGG-1,L5
TTCTGCTAGACTCCAA-1,L3
TTCTTAGTGAACGGTG-1,L3
TTCTTAGTGGCTCAGA-1,L4
TTCTTATCCGCTGGGT-1,L3
TTCTTCCCTTTGATAT-1,L3
TTCTTCGCAATAGAGC-1,L2
TTCTTGAGCCGCGCTA-1,WM
TTCTTGCTAGCATCTC-1,L3
TTCTTGGACGATCTGC-1,WM
TTCTTGGAGTAATGAG-1,L5
TTCTTGTAACCTAATG-1,L4
TTCTTTGGTCGCGACG-1,L3
TTGAAAGGTGTAAAGG-1,L3
TTGAACGAATCCTTTG-1,L3
TTGAACGACGTGCTGA-1,L3
TTGAAGAATTCCCAGG-1,L6
TTGAAGGATGGGCGCC-1,WM
TTGAATATGGACTTTC-1,L6
TTGAATCGTTGTATAA-1,L6
TTGAATTCACGTGAGG-1,L3
TTGACAGGAGCTCCCG-1,L3
TTGACATGAACGTGGA-1,L6
TTGACCAGGAACAACT-1,L5
TTGACCATGTTCTCCG-1,L5
TTGACCGTGTTAATGA-1,WM
TTGACGATTCAGCACG-1,L3
TTGACGCTCCATGAGC-1,L3
TTGACTACCATATGGT-1,WM
TTGACTATTGTCCGGC-1,L3
TTGAGAAGTTTAGCAT-1,L4
TTGAGAGTACTGCTAA-1,WM
TTGAGCAGCCCACGGT-1,L2
TTGAGCGCCACGTGAT-1,L2
TTGAGGCATTTAACTC-1,L3
TTGATCTAACTTTGTC-1,L5
TTGATGTGTAGTCCCG-1,L4
TTGATTAGCTGTTTCT-1,WM
TTGATTATGCAGATGA-1,L5
TTGCAAGAAGACTCCT-1,L6
TTGCACAATTCAGAAA-1,L6
TTGCACGGAGCAGCAC-1,L5
TTGCATGCTGATCACG-1,L6
TTGCCAAGCAGAACCC-1,L2
TTGCCATAGCCCGCTC-1,WM
TTGCCCTGATCACGGG-1,L5
TTGCCGCAGACCTACA-1,WM
TTGCCGCTTTCTAGTA-1,L5
TTGCCGGTGATCCCTC-1,L3
TTGCCTAATCCAAAGT-1,WM
TTGCGGCATCAGAAAG-1,WM
TTGCGGCGACTCATGC-1,L2
TTGCGTAGTTTGAGGA-1,L3
TTGCGTCGGCCAACCG-1,WM
TTGCGTGAACGCTTAG-1,L3
TTGCTAGCTACCAATC-1,L1
TTGCTCATAGTACGTG-1,
TTGCTCCCATACCGGA-1,L5
TTGCTGAAGGAACCAC-1,L5
TTGCTGATCATGTTCG-1,L6
TTGCTGCACCTATCCA-1,L3
TTGCTGGCCGGGCTTC-1,L3
TTGGAAGAATACAGTC-1,WM
TTGGACATGTGGCTTA-1,L6
TTGGACCATCTGGCAA-1,L3
TTGGACCTATAACAGT-1,L4
TTGGAGTCTCCCTTCT-1,L2
TTGGATATCGTCTACG-1,WM
TTGGATCGACTTCTGG-1,L3
TTGGATTGGGTACCAC-1,L4
TTGGCCATCTTGCGCT-1,L3
TTGGCCTAGAATTTCG-1,L3
TTGGCTCAATATGTGT-1,
TTGGCTCGCATGAGAC-1,L4
TTGGGAAGACGAGCCG-1,L6
TTGGGACACTGCCCGC-1,L6
TTGGGACGTAAGAGTT-1,L3
TTGGGCGGCGGTTGCC-1,L5
TTGGTCACACTCGTAA-1,WM
TTGGTTGCGGTGCGCG-1,WM
TTGTAAGGACCTAAGT-1,WM
TTGTAAGGCCAGTTGG-1,L5
TTGTAATCCGTACTCG-1,L6
TTGTATCACACAGAAT-1,L3
TTGTCGTTCAGTTACC-1,L5
TTGTGAACCTAATCCG-1,L4
TTGTGAGGCATGACGC-1,L5
TTGTGCAGCCACGTCA-1,L5
TTGTGGCCCTGACAGT-1,L5
TTGTGGTAGGAGGGAT-1,WM
TTGTGGTGGTACTAAG-1,L3
TTGTGTATGCCACCAA-1,L6
TTGTGTTTCCCGAAAG-1,L6
TTGTTAGCAAATTCGA-1,L4
TTGTTCAGTGTGCTAC-1,L5
TTGTTGTGTGTCAAGA-1,L5
TTGTTTCACATCCAGG-1,WM
TTGTTTCATTAGTCTA-1,WM
TTGTTTCCATACAACT-1,L6
TTGTTTGTATTACACG-1,WM
TTGTTTGTGTAAATTC-1,L2
